disaster,damage_grp,rel_day,p,n,lo,hi
Harvey (2017),Damaged,-10,0.15309982914327558,16388,0.14758672042320833,0.15861293786334282
Harvey (2017),Damaged,-9,0.19879258300991806,16233,0.1926531361324463,0.20493202988738982
Harvey (2017),Damaged,-8,0.23692307692307693,16250,0.23038549369602623,0.24346066015012763
Harvey (2017),Damaged,-7,0.29340470038144456,16254,0.286404751810884,0.30040464895200514
Harvey (2017),Damaged,-6,0.3387965347693749,12813,0.3306011811306555,0.34699188840809425
Harvey (2017),Damaged,-5,0.363363125840386,12643,0.3549792020183264,0.3717470496624456
Harvey (2017),Damaged,-4,0.37405911510923445,10894,0.36497256205420764,0.38314566816426127
Harvey (2017),Damaged,-3,0.385659509202454,13040,0.37730494370838885,0.39401407469651917
Harvey (2017),Damaged,-2,0.3939393939393939,13827,0.3857948865054492,0.40208390137333866
Harvey (2017),Damaged,-1,0.40775549986076304,14364,0.3997189655150082,0.4157920342065179
Harvey (2017),Damaged,0,0.43029049544044373,10637,0.4208812650894881,0.4396997257913994
Harvey (2017),Damaged,1,0.4455472345032933,11083,0.4362937232401294,0.45480074576645724
Harvey (2017),Damaged,2,0.4478917230609058,9605,0.43794669451277723,0.45783675160903436
Harvey (2017),Damaged,3,0.48071359691417553,10370,0.47109717804565565,0.4903300157826954
Harvey (2017),Damaged,4,0.49439677814743477,11422,0.48522765668625345,0.5035658996086161
Harvey (2017),Damaged,5,0.5085158150851582,11919,0.4995406350825873,0.5174909950877291
Harvey (2017),Damaged,6,0.5077201827635103,12694,0.499023070950085,0.5164172945769355
Harvey (2017),Damaged,7,0.526791478373144,12392,0.5180006253722418,0.5355823313740462
Harvey (2017),Damaged,8,0.5464227198252322,10986,0.537113221147336,0.5557322185031284
Harvey (2017),Damaged,9,0.5462184873949579,10710,0.5367894375235387,0.5556475372663772
Harvey (2017),Damaged,10,0.5480433114502515,11729,0.5390362852077486,0.5570503376927545
Harvey (2017),Damaged,11,0.5519202363367799,13540,0.5435437369037851,0.5602967357697747
Harvey (2017),Damaged,12,0.5669179667089647,13397,0.5585272803689463,0.575308653048983
Harvey (2017),Damaged,13,0.5247495139823538,20061,0.5178388927566946,0.531660135208013
Harvey (2017),Damaged,14,0.5843635148680254,11972,0.5755353365790273,0.5931916931570235
Harvey (2017),Damaged,15,0.6223244295064567,5653,0.6096862520128353,0.6349626070000781
Harvey (2017),Undamaged,-10,0.1704225352112676,3550,0.15805355545700633,0.18279151496552887
Harvey (2017),Undamaged,-9,0.2160860945907675,3531,0.20251062669965464,0.22966156248188035
Harvey (2017),Undamaged,-8,0.2446228850014339,3487,0.23035496875988554,0.25889080124298225
Harvey (2017),Undamaged,-7,0.3158345221112696,3505,0.3004450955424702,0.33122394868006905
Harvey (2017),Undamaged,-6,0.34867951463240543,2802,0.3310340706118927,0.36632495865291814
Harvey (2017),Undamaged,-5,0.36816096011295446,2833,0.3504004727393212,0.38592144748658774
Harvey (2017),Undamaged,-4,0.3827809215844786,2474,0.3636272941089395,0.40193454906001763
Harvey (2017),Undamaged,-3,0.3863481228668942,2930,0.3687172953006405,0.40397895043314785
Harvey (2017),Undamaged,-2,0.40058862001308043,3058,0.383220647362026,0.4179565926641349
Harvey (2017),Undamaged,-1,0.41867753055468504,3191,0.40156000239015766,0.4357950587192124
Harvey (2017),Undamaged,0,0.452134272689598,2413,0.4322756926627463,0.4719928527164497
Harvey (2017),Undamaged,1,0.4800483675937122,2481,0.4603891304788533,0.4997076047085711
Harvey (2017),Undamaged,2,0.4886672710788758,2206,0.4678073942631694,0.5095271478945822
Harvey (2017),Undamaged,3,0.4911541701769166,2374,0.47104390757101566,0.5112644327828175
Harvey (2017),Undamaged,4,0.4896927265655387,2571,0.47036936238409477,0.5090160907469826
Harvey (2017),Undamaged,5,0.5007283321194465,2746,0.4820268791907474,0.5194297850481455
Harvey (2017),Undamaged,6,0.5024339360222532,2876,0.4841602360891355,0.5207076359553708
Harvey (2017),Undamaged,7,0.5304504504504505,2775,0.511881485220088,0.5490194156808129
Harvey (2017),Undamaged,8,0.5500202511138113,2469,0.5303965305550356,0.569643971672587
Harvey (2017),Undamaged,9,0.5462149728147219,2391,0.5262589880023546,0.5661709576270891
Harvey (2017),Undamaged,10,0.5540789959394611,2709,0.535360697077514,0.5727972948014082
Harvey (2017),Undamaged,11,0.5467602936482604,3133,0.5293286502577712,0.5641919370387496
Harvey (2017),Undamaged,12,0.5727994705493051,3022,0.5551624168816185,0.5904365242169918
Harvey (2017),Undamaged,13,0.5175438596491229,4332,0.502663468524168,0.5324242507740777
Harvey (2017),Undamaged,14,0.5818394388152767,2566,0.5627540567612631,0.6009248208692902
Harvey (2017),Undamaged,15,0.6102522375915378,1229,0.582985910804328,0.6375185643787475
Irma (2017),Damaged,-10,0.17774834437086093,7550,0.1691247612070818,0.18637192753464005
Irma (2017),Damaged,-9,0.2568883022603531,6061,0.2458885439571114,0.26788806056359477
Irma (2017),Damaged,-8,0.3061546554445029,5703,0.29419259042176654,0.3181167204672392
Irma (2017),Damaged,-7,0.31182401466544457,5455,0.2995308632773267,0.32411716605356244
Irma (2017),Damaged,-6,0.30799475753604194,6867,0.2970753543497311,0.3189141607223528
Irma (2017),Damaged,-5,0.32571801566579633,7660,0.3152229936292151,0.3362130377023776
Irma (2017),Damaged,-4,0.34233548877900344,7887,0.3318635205437578,0.3528074570142491
Irma (2017),Damaged,-3,0.35511145272867023,10408,0.3459176093470681,0.36430529611027235
Irma (2017),Damaged,-2,0.4486784498135236,6167,0.43626509449377215,0.4610918051332751
Irma (2017),Damaged,-1,0.5285073670723895,3122,0.5109967036513524,0.5460180304934267
Irma (2017),Damaged,0,0.5744949494949495,3168,0.5572778911154418,0.5917120078744572
Irma (2017),Damaged,1,0.5296167247386759,4879,0.5156112626012416,0.5436221868761103
Irma (2017),Damaged,2,0.5413031371821051,5387,0.5279965788979675,0.5546096954662427
Irma (2017),Damaged,3,0.529635499207607,6310,0.5173201365985407,0.5419508618166733
Irma (2017),Damaged,4,0.5334463625154131,6488,0.5213069737583862,0.54558575127244
Irma (2017),Damaged,5,0.5540346968008913,6283,0.5417435739672009,0.5663258196345818
Irma (2017),Damaged,6,0.565121412803532,5889,0.5524597661981088,0.5777830594089552
Irma (2017),Damaged,7,0.5602988260405549,4685,0.5460856890285135,0.5745119630525963
Irma (2017),Damaged,8,0.5589100176435993,5101,0.5452841880350607,0.5725358472521378
Irma (2017),Damaged,9,0.556767254257544,6694,0.5448667331530457,0.5686677753620424
Irma (2017),Damaged,10,0.5577683408991068,6829,0.5459887729935592,0.5695479088046543
Irma (2017),Damaged,11,0.5686333534015653,6644,0.5567242050435149,0.5805425017596156
Irma (2017),Damaged,12,0.5819950586781965,6476,0.5699820163355432,0.5940081010208497
Irma (2017),Damaged,13,0.5974379503602882,6245,0.5852746153509634,0.6096012853696131
Irma (2017),Damaged,14,0.5948372615039281,6237,0.5826534819916708,0.6070210410161855
Irma (2017),Damaged,15,0.6129666011787819,3054,0.5956917552468277,0.630241447110736
Irma (2017),Undamaged,-10,0.1606896551724138,4350,0.14977608889400104,0.17160322145082654
Irma (2017),Undamaged,-9,0.2355782892867292,3519,0.2215572380487309,0.2495993405247275
Irma (2017),Undamaged,-8,0.28233868524689487,3301,0.2669826793082922,0.2976946911854975
Irma (2017),Undamaged,-7,0.29064976228209194,3155,0.27480551050996244,0.30649401405422144
Irma (2017),Undamaged,-6,0.28067185978578385,4108,0.26693131932719955,0.29441240024436816
Irma (2017),Undamaged,-5,0.29240534033705406,4569,0.27921577706310335,0.3055949036110048
Irma (2017),Undamaged,-4,0.3240247282029418,4691,0.31063172918710996,0.33741772721877367
Irma (2017),Undamaged,-3,0.32390243902439025,6150,0.31220662895071205,0.33559824909806846
Irma (2017),Undamaged,-2,0.39135049084637835,3769,0.37576897943341353,0.4069320022593432
Irma (2017),Undamaged,-1,0.4745575221238938,1808,0.45153971859799685,0.49757532564979073
Irma (2017),Undamaged,0,0.5256478053939715,1891,0.5031412935281891,0.5481543172597538
Irma (2017),Undamaged,1,0.4945242984257358,2922,0.47639587964575497,0.5126527172057167
Irma (2017),Undamaged,2,0.4842844064693317,3277,0.467173491821383,0.5013953211172804
Irma (2017),Undamaged,3,0.4902165405687451,3833,0.47439045490277365,0.5060426262347165
Irma (2017),Undamaged,4,0.4914212548015365,3905,0.475741053873624,0.507101455729449
Irma (2017),Undamaged,5,0.5003996802557954,3753,0.4844027498754048,0.5163966106361859
Irma (2017),Undamaged,6,0.5176025603724178,3437,0.5008967706612667,0.5343083500835689
Irma (2017),Undamaged,7,0.512279488066413,2891,0.49405853793809074,0.5305004381947352
Irma (2017),Undamaged,8,0.5068059512503957,3159,0.48937138989888546,0.5242405126019061
Irma (2017),Undamaged,9,0.509167492566898,4036,0.49374418618461374,0.5245907989491823
Irma (2017),Undamaged,10,0.5229828850855746,4090,0.5076753544835235,0.5382904156876256
Irma (2017),Undamaged,11,0.5266403552047361,4054,0.5112706024293306,0.5420101079801415
Irma (2017),Undamaged,12,0.5445960125918153,3812,0.5287866169397261,0.5604054082439046
Irma (2017),Undamaged,13,0.5609824957651045,3542,0.5446389092503642,0.5773260822798448
Irma (2017),Undamaged,14,0.562565720294427,3804,0.546801269089305,0.5783301714995489
Irma (2017),Undamaged,15,0.5668358714043993,1773,0.5437707041151031,0.5899010386936955
Michael (2018),Damaged,-10,0.10252707581227437,1385,0.08655132978496324,0.11850282183958549
Michael (2018),Damaged,-9,0.13130615065653076,1447,0.11390420877025834,0.14870809254280318
Michael (2018),Damaged,-8,0.16277423920736023,1413,0.14352564048099667,0.18202283793372379
Michael (2018),Damaged,-7,0.18163672654690619,1503,0.1621449474993727,0.20112850559443968
Michael (2018),Damaged,-6,0.32602739726027397,365,0.27793706153881104,0.3741177329817369
Michael (2018),Damaged,-5,0.2780989081567116,1557,0.2558427470556154,0.30035506925780786
Michael (2018),Damaged,-4,0.33499288762446655,1406,0.3103214561116144,0.3596643191373187
Michael (2018),Damaged,-3,0.32576350822239625,1277,0.3000584870154339,0.3514685294293586
Michael (2018),Damaged,-2,0.35240963855421686,1328,0.32671567457350087,0.37810360253493286
Michael (2018),Damaged,-1,0.5178389398572885,981,0.4865698682672553,0.5491080114473216
Michael (2018),Damaged,0,0.7391304347826086,414,0.6968316246660293,0.781429244899188
Michael (2018),Damaged,1,0.7319932998324958,597,0.6964632935341833,0.7675233061308083
Michael (2018),Damaged,2,0.74375,640,0.7099270478839628,0.7775729521160373
Michael (2018),Damaged,3,0.7304625199362041,627,0.6957304352388051,0.7651946046336032
Michael (2018),Damaged,4,0.7336601307189542,612,0.6986377301602128,0.7686825312776956
Michael (2018),Damaged,5,0.7069243156199678,621,0.6711240189801654,0.7427246122597703
Michael (2018),Damaged,6,0.7065088757396449,845,0.6758056494184314,0.7372121020608585
Michael (2018),Damaged,7,0.6861081654294804,943,0.6564880649035556,0.7157282659554052
Michael (2018),Damaged,8,0.6823734729493892,1146,0.6554188529717797,0.7093280929269987
Michael (2018),Damaged,9,0.7063339731285988,1042,0.6786802179724691,0.7339877282847285
Michael (2018),Damaged,10,0.7254901960784313,663,0.691520316217725,0.7594600759391377
Michael (2018),Damaged,11,0.692390139335477,933,0.6627765661223176,0.7220037125486364
Michael (2018),Damaged,12,0.6977459016393442,976,0.6689343990217219,0.7265574042569666
Michael (2018),Damaged,13,0.7098393574297188,996,0.6816538607684773,0.7380248540909603
Michael (2018),Damaged,14,0.702862783810464,1013,0.674720123547331,0.7310054440735969
Michael (2018),Damaged,15,0.7047619047619048,630,0.6691419630590668,0.7403818464647428
Michael (2018),Undamaged,-10,0.06802721088435375,147,0.02732290504352935,0.10873151672517814
Michael (2018),Undamaged,-9,0.07142857142857142,140,0.028767113413168344,0.1140900294439745
Michael (2018),Undamaged,-8,0.12422360248447205,161,0.07327388133075532,0.17517332363818877
Michael (2018),Undamaged,-7,0.1375,160,0.08413862878916997,0.19086137121083005
Michael (2018),Undamaged,-6,0.1702127659574468,47,0.0627676741102313,0.2776578578046623
Michael (2018),Undamaged,-5,0.2122905027932961,179,0.15238346033201758,0.2721975452545746
Michael (2018),Undamaged,-4,0.23684210526315788,152,0.1692538968729479,0.30443031365336787
Michael (2018),Undamaged,-3,0.2302158273381295,139,0.1602315070440743,0.3002001476321847
Michael (2018),Undamaged,-2,0.28484848484848485,165,0.21598006987984125,0.35371689981712845
Michael (2018),Undamaged,-1,0.3769230769230769,130,0.29361605828920617,0.46023009555694766
Michael (2018),Undamaged,0,0.6111111111111112,54,0.4810845583024656,0.7411376639197567
Michael (2018),Undamaged,1,0.5274725274725275,91,0.42489580241098446,0.6300492525340705
Michael (2018),Undamaged,2,0.5542168674698795,83,0.447282153856544,0.661151581083215
Michael (2018),Undamaged,3,0.6091954022988506,87,0.5066645456935379,0.7117262589041633
Michael (2018),Undamaged,4,0.4782608695652174,92,0.3761854233067917,0.5803363158236431
Michael (2018),Undamaged,5,0.4742268041237113,97,0.3748551603481779,0.5735984478992447
Michael (2018),Undamaged,6,0.4144144144144144,111,0.3227697474494833,0.5060590813793455
Michael (2018),Undamaged,7,0.44285714285714284,140,0.36057470244608064,0.525139583268205
Michael (2018),Undamaged,8,0.480225988700565,177,0.40662230534065813,0.5538296720604718
Michael (2018),Undamaged,9,0.47183098591549294,142,0.38972182995551236,0.5539401418754735
Michael (2018),Undamaged,10,0.5217391304347826,92,0.4196636841763569,0.6238145766932083
Michael (2018),Undamaged,11,0.4406779661016949,118,0.3510988650279305,0.5302570671754594
Michael (2018),Undamaged,12,0.5478260869565217,115,0.4568596346871211,0.6387925392259223
Michael (2018),Undamaged,13,0.5132743362831859,113,0.42111618636759174,0.60543248619878
Michael (2018),Undamaged,14,0.5407407407407407,135,0.456676229280314,0.6248052522011674
Michael (2018),Undamaged,15,0.5952380952380952,84,0.49026896397314423,0.7002072265030462
