event,GEOID,n_total,n_damaged,n_abandoned,n_rhigher,Abandoned_normalized,R_Higher_normalized,median_income,ec_tract,support_ratio_tract,volunteering_rate_tract
Harvey,22019000100,18,0,0,0,,,42963.0,0.6396399699999998,0.98470002,0.0694100039999999
Harvey,22019000200,1,0,0,0,,,21578.0,0.6396399699999998,0.9847000199999996,0.069410004
Harvey,22019000300,15,2,2,0,1.0,0.0,30597.0,0.6396399700000002,0.98470002,0.069410004
Harvey,22019000500,67,0,0,0,,,70756.0,0.6396399700000002,0.9847000200000002,0.0694100039999999
Harvey,22019000700,6,0,0,0,,,39600.0,0.6396399700000004,0.9847000199999998,0.0694100039999999
Harvey,22019001000,1,0,0,0,,,54240.0,0.91558999,0.97867,0.10316
Harvey,22019001401,3,1,0,0,0.0,0.0,36580.0,,,
Harvey,22019001500,13,1,1,0,1.0,0.0,35156.0,0.6399781705714286,0.977514724190476,0.0729231453428571
Harvey,22019001908,1,0,0,0,,,100991.0,,,
Harvey,22019002207,1,0,0,0,,,93056.0,,,
Harvey,22019002300,1,0,0,0,,,80760.0,0.7822108738694885,0.9842775061305118,0.1149427760141093
Harvey,22019002500,9,1,1,0,1.0,0.0,79044.0,0.8725500100000002,0.9498000100000004,0.11932
Harvey,22019002600,1,0,0,0,,,62683.0,0.8725500100000003,0.9498000100000004,0.11932
Harvey,22019002702,3,0,0,0,,,72849.0,,,
Harvey,22019003500,7,0,0,0,,,40703.0,0.7337300199999996,0.99141002,0.1208299999999999
Harvey,48007950101,43,0,0,0,,,62455.0,,,
Harvey,48007950102,21,0,0,0,,,58606.0,,,
Harvey,48007950103,94,0,0,0,,,59116.0,,,
Harvey,48007950200,76,30,9,14,0.3,0.4666666666666667,54554.0,0.8176900100000002,0.9887200000000004,0.0993300009999999
Harvey,48007950302,1,0,0,0,,,83821.0,,,
Harvey,48007950400,67,22,6,12,0.2727272727272727,0.5454545454545454,40660.0,0.8176900099999999,0.9887199999999994,0.0993300009999999
Harvey,48007950501,3,0,0,0,,,51168.0,,,
Harvey,48007950503,8,0,0,0,,,92969.0,,,
Harvey,48039664200,66,0,0,0,,,70750.0,0.7870400000000002,0.9799299799999998,0.0465899999999999
Harvey,48039664400,1,0,0,0,,,44794.0,0.7870400000000001,0.9799299799999996,0.04659
Harvey,48057000401,6,1,0,0,0.0,0.0,66731.0,,,
Harvey,48057000501,12,0,0,0,,,92500.0,,,
Harvey,48057000502,41,0,0,0,,,62500.0,,,
Harvey,48089750400,4,0,0,0,,,74693.0,0.8033368892990488,0.9781456310484744,0.0662735053450317
Harvey,48089750500,6,2,2,0,1.0,0.0,57969.0,0.7890354931447248,0.9969974128376452,0.0411029712649985
Harvey,48157672902,3,0,0,0,,,93651.0,,,
Harvey,48157673004,1,0,0,0,,,121640.0,,,
Harvey,48157673006,214,11,4,7,0.36363636363636365,0.6363636363636364,108750.0,,,
Harvey,48157673007,5,2,2,0,1.0,0.0,108203.0,,,
Harvey,48157673008,229,8,0,7,0.0,0.875,176176.0,,,
Harvey,48157673009,375,6,1,4,0.16666666666666666,0.6666666666666666,133611.0,,,
Harvey,48157673103,2,1,0,1,0.0,1.0,211827.0,,,
Harvey,48157673108,22,2,1,1,0.5,0.5,175766.0,,,
Harvey,48157673112,2,0,0,0,,,161759.0,,,
Harvey,48157673202,5,0,0,0,,,150939.0,,,
Harvey,48157673300,19,2,1,0,0.5,0.0,173810.0,1.1103425360500114,0.9142702515711446,0.1143142456935162
Harvey,48157673401,98,11,3,4,0.2727272727272727,0.36363636363636365,141419.0,,,
Harvey,48157673404,28,7,0,6,0.0,0.8571428571428571,172060.0,,,
Harvey,48157673502,1,0,0,0,,,173281.0,,,
Harvey,48157673600,84,7,0,6,0.0,0.8571428571428571,120911.0,0.9642000199999998,0.88077998,0.0844699959999999
Harvey,48157673801,29,2,2,0,1.0,0.0,112639.0,,,
Harvey,48157674601,86,2,2,0,1.0,0.0,142308.0,1.0163600000000002,0.92203999,0.092759997
Harvey,48157674602,32,1,0,1,0.0,1.0,170216.0,1.006142981209266,0.9224141523753436,0.0902851050934432
Harvey,48157674603,111,0,0,0,,,116875.0,0.8982710827604601,0.9263645812218702,0.0641550475997666
Harvey,48157674604,43,7,6,1,0.8571428571428571,0.14285714285714285,136324.0,0.8506100199999999,0.92811,0.052609999
Harvey,48157674701,3,1,1,0,1.0,0.0,175050.0,,,
Harvey,48157674702,279,15,6,5,0.4,0.3333333333333333,95226.0,,,
Harvey,48157674900,24,1,1,0,1.0,0.0,46793.0,0.85061002,0.92811,0.052609999
Harvey,48157675101,1,0,0,0,,,66702.0,,,
Harvey,48157675401,3,0,0,0,,,90673.0,,,
Harvey,48157675501,18,4,1,0,0.25,0.0,76397.0,,,
Harvey,48157675502,3,0,0,0,,,108013.0,,,
Harvey,48157675503,12,0,0,0,,,112046.0,,,
Harvey,48157675701,3,0,0,0,,,57851.0,,,
Harvey,48157675800,35,3,1,0,0.3333333333333333,0.0,55307.0,0.7787102440400775,0.9104341281383332,0.0542155206341305
Harvey,48167720900,1,0,0,0,,,70690.0,0.7954199900000002,0.93425,0.055349998
Harvey,48167721502,1,0,0,0,,,107321.0,,,
Harvey,48167721503,23,2,1,0,0.5,0.0,111691.0,,,
Harvey,48167721600,9,0,0,0,,,81354.0,0.8027774945263161,0.8538220130526316,0.052828001
Harvey,48167721800,10,2,0,2,0.0,1.0,82954.0,0.7954199900000002,0.93425,0.055349998
Harvey,48167723600,1,0,0,0,,,93389.0,0.8231771601904326,0.9396037860102184,0.0682618416767301
Harvey,48167723800,142,0,0,0,,,109866.0,0.8012122629282578,0.9206671093216208,0.0669068760649096
Harvey,48167723900,14,0,0,0,,,62207.0,0.83042997,0.981809969999999,0.092260003
Harvey,48167725800,26,7,2,5,0.2857142857142857,0.7142857142857143,69028.0,0.7129141390133075,0.9665397525803312,0.076172925074651
Harvey,48167725900,24,7,1,6,0.14285714285714285,0.8571428571428571,59557.0,0.8994563847515807,0.8884459142547425,0.0906656617542908
Harvey,48167726000,13,0,0,0,,,101442.0,0.9257699799999998,0.87743002,0.092710003
Harvey,48167726101,39,0,0,0,,,114083.0,,,
Harvey,48167990100,4,0,0,0,,,,,,
Harvey,48199030200,2,0,0,0,,,91905.0,0.9745635110162244,0.9762541988768054,0.1858411886842575
Harvey,48199030503,4,0,0,0,,,103134.0,,,
Harvey,48199030700,5,0,0,0,,,63642.0,0.8225399900000007,0.9866300199999992,0.13912
Harvey,48199030800,1,0,0,0,,,48426.0,0.822539990000001,0.98663002,0.13912
Harvey,48201210400,13,4,2,0,0.5,0.0,51964.0,0.7185099699999995,0.78973001,0.066869996
Harvey,48201210900,119,12,6,5,0.5,0.4166666666666667,37235.0,0.51010001,0.83320999,0.02131
Harvey,48201211200,25,3,1,2,0.3333333333333333,0.6666666666666666,22887.0,0.5101000099999999,0.8332099899999997,0.0213099999999999
Harvey,48201211700,74,4,2,2,0.5,0.5,29131.0,0.5103455685975296,0.8329684509598555,0.0213670046137416
Harvey,48201212400,51,3,2,1,0.6666666666666666,0.3333333333333333,42163.0,0.5657314459577116,0.8809636062313433,0.0289962429278607
Harvey,48201220900,10,0,0,0,,,25750.0,0.4833700100000001,0.8604900200000001,0.037999999
Harvey,48201221000,174,32,20,7,0.625,0.21875,40101.0,0.4833700100000002,0.86049002,0.0379999989999999
Harvey,48201221100,4,1,0,1,0.0,1.0,50833.0,0.4833700099999999,0.8604900200000001,0.0379999989999999
Harvey,48201221601,118,5,5,0,1.0,0.0,53906.0,,,
Harvey,48201221701,1,0,0,0,,,46090.0,,,
Harvey,48201221702,108,11,5,4,0.45454545454545453,0.36363636363636365,36772.0,,,
Harvey,48201221800,7,1,1,0,1.0,0.0,44971.0,0.4833700099999999,0.8604900200000003,0.037999999
Harvey,48201221900,724,108,44,31,0.4074074074074074,0.28703703703703703,47299.0,0.4833700100000001,0.86049002,0.037999999
Harvey,48201222000,471,39,11,16,0.28205128205128205,0.41025641025641024,38021.0,0.4833700099999999,0.8604900200000002,0.037999999
Harvey,48201222100,708,67,27,24,0.40298507462686567,0.3582089552238806,37852.0,0.48337001,0.8604900199999997,0.037999999
Harvey,48201222300,31,5,4,0,0.8,0.0,40858.0,0.4570467608865249,0.845632085602837,0.0487171975815602
Harvey,48201222401,168,7,2,3,0.2857142857142857,0.42857142857142855,41272.0,0.44132,0.71877003,0.025149999
Harvey,48201222402,3,1,0,1,0.0,1.0,38587.0,0.4423843737301051,0.7182924897866576,0.0235285557008127
Harvey,48201222702,1,0,0,0,,,31720.0,,,
Harvey,48201222800,7,0,0,0,,,36348.0,0.4534724615585509,0.8430029853833193,0.0502706898197135
Harvey,48201222900,174,27,14,7,0.5185185185185185,0.25925925925925924,52786.0,0.4537130337003058,0.8427328218616204,0.0502379615424311
Harvey,48201223100,9,4,1,3,0.25,0.75,71500.0,0.5965200099999998,0.6823599899999999,0.0308099999999999
Harvey,48201230100,13,1,1,0,1.0,0.0,44448.0,0.5101000099999998,0.83320999,0.02131
Harvey,48201230200,37,3,1,0,0.3333333333333333,0.0,33262.0,0.5216865006153542,0.8218131590601504,0.0239997181723387
Harvey,48201230500,39,3,2,1,0.6666666666666666,0.3333333333333333,46003.0,0.4833700100000001,0.86049002,0.0379999989999999
Harvey,48201230600,12,0,0,0,,,41096.0,0.5164899799999998,0.8179299800000001,0.02626
Harvey,48201230700,27,2,2,0,1.0,0.0,32095.0,0.5164899799999999,0.8179299800000002,0.02626
Harvey,48201230800,109,14,6,4,0.42857142857142855,0.2857142857142857,43293.0,0.5235400200000001,0.8199899800000001,0.024429999
Harvey,48201230900,306,39,10,19,0.2564102564102564,0.48717948717948717,27981.0,0.5235400200000001,0.8199899799999998,0.024429999
Harvey,48201231000,1041,121,32,40,0.2644628099173554,0.3305785123966942,39015.0,0.5235400199999999,0.8199899799999998,0.024429999
Harvey,48201231100,749,57,13,13,0.22807017543859648,0.22807017543859648,30783.0,0.5060788120638614,0.8488401399577079,0.0249616704762106
Harvey,48201231200,91,4,2,2,0.5,0.5,36503.0,0.5048199900000001,0.8509200200000002,0.0249999999999999
Harvey,48201231300,383,22,6,8,0.2727272727272727,0.36363636363636365,43983.0,0.5080940149929478,0.8455105348660084,0.0249003101212976
Harvey,48201231400,102,3,1,0,0.3333333333333333,0.0,46363.0,0.5157149239176123,0.8201209956872634,0.02617631778058
Harvey,48201231500,153,8,2,2,0.25,0.25,44942.0,0.5164899799999998,0.8179299800000002,0.02626
Harvey,48201231600,85,9,6,2,0.6666666666666666,0.2222222222222222,39058.0,0.5164899799999998,0.8179299800000001,0.0262599999999999
Harvey,48201231700,69,8,3,2,0.375,0.25,34446.0,0.4833700100000003,0.8604900200000002,0.037999999
Harvey,48201232100,77,7,5,2,0.7142857142857143,0.2857142857142857,44196.0,0.4532260295189961,0.8434755062321365,0.0502727630292785
Harvey,48201232201,10,1,0,1,0.0,1.0,73346.0,,,
Harvey,48201232202,7,0,0,0,,,149274.0,,,
Harvey,48201232304,44,17,8,8,0.47058823529411764,0.47058823529411764,44106.0,,,
Harvey,48201232405,31,2,0,2,0.0,1.0,77797.0,,,
Harvey,48201232500,4,0,0,0,,,41694.0,0.4799317759585326,0.7550118634035087,0.0180463763974481
Harvey,48201232600,215,13,3,3,0.23076923076923078,0.23076923076923078,61957.0,0.4507490301199999,0.74005192976,0.017375480012
Harvey,48201232701,98,7,5,2,0.7142857142857143,0.2857142857142857,37103.0,0.4493399900000001,0.73855001,0.01733
Harvey,48201232703,49,8,2,4,0.25,0.5,46190.0,,,
Harvey,48201232704,31,2,1,1,0.5,0.5,56111.0,,,
Harvey,48201232801,5,0,0,0,,,66466.0,,,
Harvey,48201232802,23,0,0,0,,,50857.0,,,
Harvey,48201233101,1,0,0,0,,,46568.0,0.5522199900000001,0.91220999,0.02086
Harvey,48201233103,39,1,0,1,0.0,1.0,45095.0,0.5522199899999998,0.91220999,0.0208599999999999
Harvey,48201233200,157,12,4,4,0.3333333333333333,0.3333333333333333,60319.0,0.55221999,0.91220999,0.02086
Harvey,48201233300,59,7,4,2,0.5714285714285714,0.2857142857142857,61521.0,0.55221999,0.9122099899999996,0.02086
Harvey,48201233400,2,0,0,0,,,40203.0,0.5667599999999999,0.86370999,0.021120001
Harvey,48201233501,41,0,0,0,,,66515.0,,,
Harvey,48201233702,1,0,0,0,,,35826.0,0.5643910967133334,0.9432072434266668,0.0177358676666666
Harvey,48201233703,123,13,4,3,0.3076923076923077,0.23076923076923078,65972.0,0.5591744478313254,0.9301508784111446,0.019064194849021
Harvey,48201240400,25,3,1,2,0.3333333333333333,0.6666666666666666,55625.0,0.6076988645182984,0.7040900270613075,0.0302634501094776
Harvey,48201240504,43,7,5,2,0.7142857142857143,0.2857142857142857,34386.0,,,
Harvey,48201240505,2,0,0,0,,,22560.0,,,
Harvey,48201240600,1,0,0,0,,,29744.0,0.44238999,0.7182899699999999,0.02352
Harvey,48201240802,115,2,1,1,0.5,0.5,68963.0,0.643109769570552,0.7482243608588959,0.0301317791411042
Harvey,48201240803,10,1,0,1,0.0,1.0,46067.0,,,
Harvey,48201240904,110,11,2,8,0.18181818181818182,0.7272727272727273,76649.0,,,
Harvey,48201241001,5,0,0,0,,,72326.0,,,
Harvey,48201241103,15,0,0,0,,,76513.0,0.7881699799999998,0.8007699799999999,0.042520002
Harvey,48201241104,21,2,0,1,0.0,0.5,98017.0,,,
Harvey,48201241105,14,0,0,0,,,73235.0,,,
Harvey,48201241201,14,1,0,1,0.0,1.0,70472.0,,,
Harvey,48201241301,2,0,0,0,,,108008.0,,,
Harvey,48201241302,51,2,0,1,0.0,0.5,110887.0,,,
Harvey,48201241400,42,1,0,1,0.0,1.0,93981.0,0.7881699799999998,0.8007699799999997,0.0425200019999999
Harvey,48201241503,141,17,9,4,0.5294117647058824,0.23529411764705882,,,,
Harvey,48201250102,1,0,0,0,,,91653.0,,,
Harvey,48201250201,132,9,2,5,0.2222222222222222,0.5555555555555556,57811.0,,,
Harvey,48201250304,21,0,0,0,,,76406.0,,,
Harvey,48201250403,5,0,0,0,,,66574.0,,,
Harvey,48201250404,3,2,0,2,0.0,1.0,143321.0,,,
Harvey,48201250701,49,2,2,0,1.0,0.0,109707.0,0.8840018697989952,0.8551829672026802,0.0522896817420435
Harvey,48201250801,4,0,0,0,,,133952.0,,,
Harvey,48201250802,4,1,1,0,1.0,0.0,132961.0,,,
Harvey,48201250901,224,25,0,25,0.0,1.0,120613.0,,,
Harvey,48201251000,96,5,0,4,0.0,0.8,87095.0,1.01327,0.8819100299999997,0.076030001
Harvey,48201251100,123,15,10,5,0.6666666666666666,0.3333333333333333,97748.0,1.0132700000000003,0.88191003,0.076030001
Harvey,48201251200,1,0,0,0,,,79974.0,1.01327,0.88191003,0.076030001
Harvey,48201251300,27,2,0,2,0.0,1.0,111450.0,1.01327,0.8819100299999999,0.0760300009999999
Harvey,48201251501,90,3,1,1,0.3333333333333333,0.3333333333333333,156797.0,1.1524125588662366,0.9079870073351362,0.1020559704499687
Harvey,48201251505,34,2,0,1,0.0,0.5,164322.0,,,
Harvey,48201251600,15,6,2,3,0.3333333333333333,0.5,89516.0,0.8782381352278261,0.9542497929217392,0.1185517149342609
Harvey,48201251902,2,0,0,0,,,117528.0,0.7867799999999998,0.96166003,0.057720002
Harvey,48201252201,1,0,0,0,,,58951.0,,,
Harvey,48201252202,1,0,0,0,,,71153.0,,,
Harvey,48201252400,6,0,0,0,,,64631.0,0.5676960472577407,0.9025744632554472,0.0198973729276089
Harvey,48201252500,5,1,1,0,1.0,0.0,52412.0,0.5669335812000003,0.9030491812,0.0199447991199999
Harvey,48201252602,24,7,4,2,0.5714285714285714,0.2857142857142857,,,,
Harvey,48201252800,6,0,0,0,,,63652.0,0.7737710126776605,0.9519790804522272,0.0562145546354981
Harvey,48201253102,4,1,1,0,1.0,0.0,96870.0,,,
Harvey,48201253201,600,45,6,29,0.13333333333333333,0.6444444444444445,104574.0,,,
Harvey,48201253601,1,0,0,0,,,89656.0,,,
Harvey,48201253700,2,0,0,0,,,63423.0,0.7402100000000001,0.96131998,0.03898
Harvey,48201253800,5,0,0,0,,,53991.0,0.7401899948192301,0.961315864413632,0.0389785279256187
Harvey,48201253900,11,2,2,0,1.0,0.0,59907.0,0.6630200099999997,0.94543999,0.033300001
Harvey,48201254000,4,1,0,0,0.0,0.0,49668.0,0.66302001,0.9454399899999998,0.033300001
Harvey,48201254400,1,1,0,0,0.0,0.0,44848.0,0.6630200099999999,0.9454399900000002,0.033300001
Harvey,48201254600,1,0,0,0,,,57063.0,0.6630200100000001,0.9454399899999998,0.033300001
Harvey,48201254700,3,0,0,0,,,59595.0,0.6630200100000001,0.94543999,0.033300001
Harvey,48201254800,2,1,0,1,0.0,1.0,48713.0,,,
Harvey,48201310700,6,0,0,0,,,51597.0,0.6241499800000001,0.80813998,0.05046
Harvey,48201310800,3,0,0,0,,,50864.0,0.6214414034698796,0.8094942696024094,0.0497886505578313
Harvey,48201310900,6,0,0,0,,,41500.0,0.56339002,0.8385199899999999,0.0353999989999999
Harvey,48201311002,1,0,0,0,,,50972.0,,,
Harvey,48201311100,3,2,2,0,1.0,0.0,43839.0,0.5108154869588852,0.8122923719232077,0.0201088423068297
Harvey,48201311200,3,0,0,0,,,60938.0,0.6241499800000001,0.8081399799999998,0.05046
Harvey,48201311400,2,0,0,0,,,45338.0,0.51051003,0.8121399899999997,0.020020001
Harvey,48201311900,2,0,0,0,,,57361.0,0.62414998,0.8081399800000001,0.05046
Harvey,48201312000,7,3,0,3,0.0,1.0,68571.0,0.8767100000000002,0.7418400000000002,0.075599998
Harvey,48201312603,1,0,0,0,,,73169.0,,,
Harvey,48201312902,1,0,0,0,,,48080.0,,,
Harvey,48201313102,1,0,0,0,,,69861.0,,,
Harvey,48201313202,4,0,0,0,,,82452.0,,,
Harvey,48201320500,5,2,1,1,0.5,0.5,67250.0,0.56160998,0.8568500300000002,0.02093
Harvey,48201320700,1,0,0,0,,,53924.0,0.56160998,0.85685003,0.02093
Harvey,48201320800,94,9,5,1,0.5555555555555556,0.1111111111111111,37190.0,0.5668600200000005,0.89067,0.018449999
Harvey,48201320901,35,1,1,0,1.0,0.0,49291.0,,,
Harvey,48201320902,192,8,5,0,0.625,0.0,83406.0,,,
Harvey,48201321002,62,4,2,1,0.5,0.25,61986.0,,,
Harvey,48201321401,28,5,1,3,0.2,0.6,51094.0,0.5668600199999999,0.8906699999999997,0.0184499989999999
Harvey,48201321402,36,3,0,1,0.0,0.3333333333333333,82746.0,0.5668600200000001,0.8906700000000003,0.0184499989999999
Harvey,48201321800,1,0,0,0,,,74420.0,0.5616099800000002,0.8568500300000003,0.0209299999999999
Harvey,48201322100,1,0,0,0,,,49000.0,0.5581688464886613,0.8565913958985617,0.0189739766269202
Harvey,48201322200,31,1,0,1,0.0,1.0,53993.0,0.5265399799999998,0.8436099900000001,0.01493
Harvey,48201324101,24,3,0,2,0.0,0.6666666666666666,55046.0,,,
Harvey,48201324102,1,0,0,0,,,,,,
Harvey,48201333000,1,0,0,0,,,67917.0,0.52476001,0.8351399900000005,0.020989999
Harvey,48201333802,50,4,3,1,0.75,0.25,86305.0,,,
Harvey,48201334003,8,0,0,0,,,66497.0,0.8103200199999998,0.8685700299999997,0.0372599999999999
Harvey,48201340102,2,0,0,0,,,90473.0,,,
Harvey,48201340202,235,15,2,12,0.13333333333333333,0.8,157132.0,1.1301612741096787,0.7864015904107494,0.0860108827441555
Harvey,48201340203,72,0,0,0,,,142574.0,1.0833008743742252,0.7685214723791821,0.0793937447335811
Harvey,48201340301,106,7,1,6,0.14285714285714285,0.8571428571428571,203971.0,1.0217062671411876,0.7767252674590932,0.0792993908756428
Harvey,48201340302,7,1,0,1,0.0,1.0,136665.0,1.13855,0.7871500300000001,0.0865299999999999
Harvey,48201340800,2,0,0,0,,,139310.0,0.8985800099999998,0.7657399800000001,0.071680002
Harvey,48201340900,2,0,0,0,,,47375.0,0.8436499800000002,0.7958099799999999,0.042800002
Harvey,48201341201,1,1,1,0,1.0,0.0,55461.0,0.8583276919979872,0.7683811549748364,0.0463842993392048
Harvey,48201341203,54,3,1,0,0.3333333333333333,0.0,69475.0,,,
Harvey,48201341204,45,11,0,11,0.0,1.0,72404.0,,,
Harvey,48201341302,1,0,0,0,,,71849.0,0.8927900200000001,0.7039800299999999,0.0548
Harvey,48201341600,25,6,0,5,0.0,0.8333333333333334,105761.0,1.03848,0.8701900200000003,0.0909600029999999
Harvey,48201341800,4,0,0,0,,,110682.0,0.8718799900000003,0.93743002,0.06701
Harvey,48201350101,113,2,0,0,0.0,0.0,59195.0,,,
Harvey,48201350102,26,3,1,1,0.3333333333333333,0.3333333333333333,114269.0,,,
Harvey,48201350104,5,1,0,1,0.0,1.0,101092.0,,,
Harvey,48201350201,373,29,10,16,0.3448275862068966,0.5517241379310345,61188.0,,,
Harvey,48201350202,269,7,2,4,0.2857142857142857,0.5714285714285714,90227.0,,,
Harvey,48201350300,278,22,7,10,0.3181818181818182,0.45454545454545453,116331.0,0.8103200200000001,0.8685700299999999,0.03726
Harvey,48201350400,601,24,4,11,0.16666666666666666,0.4583333333333333,78854.0,0.8103200200000001,0.86857003,0.0372599999999999
Harvey,48201350500,581,22,5,7,0.22727272727272727,0.3181818181818182,72571.0,0.8103200199999998,0.8685700299999999,0.03726
Harvey,48201350603,2,0,0,0,,,89634.0,,,
Harvey,48201350604,6,0,0,0,,,110742.0,,,
Harvey,48201350700,73,4,0,2,0.0,0.5,108456.0,1.14308,0.92587,0.060899999
Harvey,48201350801,134,4,0,4,0.0,1.0,64261.0,1.074806254966015,0.8962147081071062,0.0567729759971164
Harvey,48201350804,26,5,1,3,0.2,0.6,151827.0,,,
Harvey,48201410102,1,0,0,0,,,63222.0,,,
Harvey,48201411200,4,2,1,1,0.5,0.5,250001.0,1.0640694841930116,0.6474689886023294,0.0733717230843039
Harvey,48201411301,6,0,0,0,,,112790.0,,,
Harvey,48201412300,2,0,0,0,,,250001.0,1.1106713971104645,0.84119039713651,0.0808775184538072
Harvey,48201412400,2,0,0,0,,,250001.0,1.1104846617881523,0.8409744552367319,0.0808593347280334
Harvey,48201412700,4,1,0,1,0.0,1.0,156111.0,1.0068700000000004,0.8661599800000002,0.097070001
Harvey,48201412800,586,160,9,144,0.05625,0.9,250001.0,1.0068700000000004,0.8661599800000002,0.097070001
Harvey,48201412901,1,0,0,0,,,75769.0,,,
Harvey,48201412902,94,18,2,14,0.1111111111111111,0.7777777777777778,101907.0,,,
Harvey,48201413000,251,103,5,97,0.04854368932038835,0.941747572815534,140321.0,0.9068499800000002,0.6054900299999999,0.0610299999999999
Harvey,48201413100,112,38,3,34,0.07894736842105263,0.8947368421052632,250001.0,0.90684998,0.6054900299999999,0.06103
Harvey,48201413203,26,13,2,11,0.15384615384615385,0.8461538461538461,58952.0,,,
Harvey,48201413204,34,15,1,14,0.06666666666666667,0.9333333333333333,59931.0,,,
Harvey,48201413206,13,0,0,0,,,75078.0,,,
Harvey,48201413301,33,6,2,4,0.3333333333333333,0.6666666666666666,82302.0,,,
Harvey,48201413302,82,23,9,14,0.391304347826087,0.6086956521739131,128267.0,,,
Harvey,48201420300,28,3,0,3,0.0,1.0,90335.0,0.5905445746437997,0.7339821395778362,0.0483709226015831
Harvey,48201420700,243,105,16,84,0.1523809523809524,0.8,199659.0,0.637806693657216,0.7737086777891045,0.0617932984517362
Harvey,48201420800,393,99,12,78,0.12121212121212122,0.7878787878787878,250001.0,0.6394500100000002,0.7750899799999996,0.062259998
Harvey,48201420900,611,112,12,94,0.10714285714285714,0.8392857142857143,208082.0,1.0068700000000002,0.8661599800000004,0.0970700009999999
Harvey,48201421000,20,5,2,2,0.4,0.4,149963.0,1.0068700000000002,0.86615998,0.0970700009999999
Harvey,48201421501,9,0,0,0,,,32424.0,,,
Harvey,48201421602,122,16,1,12,0.0625,0.75,43235.0,,,
Harvey,48201421700,13,1,0,1,0.0,1.0,77837.0,0.5526807155000003,0.7379153433947364,0.0453514731921052
Harvey,48201421801,1,1,1,0,1.0,0.0,43020.0,,,
Harvey,48201421802,79,15,5,5,0.3333333333333333,0.3333333333333333,118344.0,,,
Harvey,48201421900,58,6,0,6,0.0,1.0,158125.0,0.6394500100000001,0.7750899799999998,0.062259998
Harvey,48201422601,53,5,1,2,0.2,0.4,48355.0,,,
Harvey,48201422900,8,2,2,0,1.0,0.0,44167.0,0.46298,0.7308300099999999,0.02658
Harvey,48201423201,4,0,0,0,,,74194.0,0.47924,0.56155998,0.02413
Harvey,48201430200,2,0,0,0,,,71154.0,0.9309800300000002,0.8295599799999999,0.06318
Harvey,48201430300,2,0,0,0,,,250001.0,0.9180937455575908,0.8213361929791617,0.0619863935003434
Harvey,48201430400,1,0,0,0,,,250001.0,0.9168681409568,0.8205540349216,0.0618728705043199
Harvey,48201430900,29,6,1,5,0.16666666666666666,0.8333333333333334,89674.0,0.9309800299999996,0.8295599800000003,0.0631799999999999
Harvey,48201431001,1,0,0,0,,,105667.0,,,
Harvey,48201431002,42,8,3,5,0.375,0.625,101505.0,,,
Harvey,48201431101,86,3,2,1,0.6666666666666666,0.3333333333333333,52286.0,0.6604300099999999,0.65689999,0.0381200019999999
Harvey,48201431102,1,0,0,0,,,54614.0,0.6604300099999999,0.6568999900000001,0.0381200019999999
Harvey,48201431204,13,0,0,0,,,74807.0,,,
Harvey,48201431600,12,4,1,3,0.25,0.75,121940.0,0.7643896575,0.6911859871897373,0.0496483420357995
Harvey,48201431701,11,0,0,0,,,107868.0,,,
Harvey,48201431702,1,0,0,0,,,192443.0,,,
Harvey,48201440101,3,0,0,0,,,32687.0,,,
Harvey,48201450402,20,4,2,1,0.5,0.25,110197.0,,,
Harvey,48201450500,358,27,0,20,0.0,0.7407407407407407,176198.0,0.95252001,0.8841400099999999,0.070179999
Harvey,48201450600,317,50,2,37,0.04,0.74,71335.0,0.95252001,0.8841400099999999,0.0701799989999999
Harvey,48201450700,747,152,18,118,0.11842105263157894,0.7763157894736842,233542.0,0.950212988461538,0.8782942615462005,0.0694302699630088
Harvey,48201450801,84,19,3,12,0.15789473684210525,0.631578947368421,77824.0,0.66885,0.6403599999999999,0.036529999
Harvey,48201450803,88,15,3,9,0.2,0.6,53209.0,,,
Harvey,48201451100,13,2,1,1,0.5,0.5,80585.0,0.7795525824667836,0.6721014242817748,0.0416894280366006
Harvey,48201451200,185,21,1,17,0.047619047619047616,0.8095238095238095,154981.0,0.8507999800000003,0.6925299799999998,0.04501
Harvey,48201451501,3,1,0,1,0.0,1.0,67984.0,,,
Harvey,48201451502,54,3,0,3,0.0,1.0,51898.0,,,
Harvey,48201451604,87,10,4,5,0.4,0.5,129250.0,,,
Harvey,48201452900,33,3,1,0,0.3333333333333333,0.0,62353.0,0.5641499799999999,0.8287900100000003,0.0236000009999999
Harvey,48201453001,13,0,0,0,,,54196.0,,,
Harvey,48201453002,226,8,1,4,0.125,0.5,65678.0,,,
Harvey,48201453100,3,0,0,0,,,32963.0,0.56414998,0.8287900100000002,0.023600001
Harvey,48201453202,39,2,2,0,1.0,0.0,53114.0,,,
Harvey,48201453300,1,0,0,0,,,33550.0,0.5791326033355819,0.7508222295784148,0.0262785507463743
Harvey,48201453401,17,2,1,0,0.5,0.0,65625.0,0.5792000300000002,0.75094998,0.026280001
Harvey,48201453603,156,3,1,2,0.3333333333333333,0.6666666666666666,36270.0,,,
Harvey,48201453604,11,0,0,0,,,84213.0,,,
Harvey,48201454400,3,1,1,0,1.0,0.0,54796.0,0.9140235715248228,0.6490288461702127,0.0686358537695035
Harvey,48201454502,1,0,0,0,,,202083.0,1.03637,0.8411800300000001,0.073090002
Harvey,48201454504,40,2,0,2,0.0,1.0,178208.0,,,
Harvey,48201454505,3,0,0,0,,,194740.0,,,
Harvey,48201510100,16,1,1,0,1.0,0.0,149808.0,1.0349494919327735,0.7564302975350139,0.0630102531008403
Harvey,48201510202,8,1,0,1,0.0,1.0,113263.0,,,
Harvey,48201510301,137,20,1,18,0.05,0.9,123603.0,,,
Harvey,48201510302,5,2,0,2,0.0,1.0,134412.0,,,
Harvey,48201510400,2,0,0,0,,,113333.0,1.0695670445660674,0.7876990692259577,0.0668160450203284
Harvey,48201510500,6,1,1,0,1.0,0.0,150852.0,1.0625042471042467,0.7789862617479819,0.0684127463011582
Harvey,48201510901,6,1,0,1,0.0,1.0,200466.0,,,
Harvey,48201510902,10,3,0,3,0.0,1.0,122929.0,,,
Harvey,48201511004,13,3,2,0,0.6666666666666666,0.0,87956.0,,,
Harvey,48201511100,89,15,1,13,0.06666666666666667,0.8666666666666667,140033.0,1.0472999999999997,0.7602299999999999,0.071850002
Harvey,48201511201,27,7,2,5,0.2857142857142857,0.7142857142857143,182679.0,,,
Harvey,48201511202,37,7,0,5,0.0,0.7142857142857143,186875.0,,,
Harvey,48201511600,2,0,0,0,,,77422.0,0.71850997,0.7897300100000002,0.0668699959999999
Harvey,48201522500,1,1,0,1,0.0,1.0,229405.0,0.6023238723940819,0.785650735944855,0.0450250312098184
Harvey,48201530101,2,0,0,0,,,37532.0,,,
Harvey,48201530200,2,0,0,0,,,132906.0,0.79049999,0.7996100199999998,0.088200003
Harvey,48201530400,8,2,1,1,0.5,0.5,61536.0,0.5522000199999999,0.7901899799999998,0.0270099989999999
Harvey,48201531200,3,0,0,0,,,77473.0,0.7052031403225806,0.7677749750980392,0.0712222161144844
Harvey,48201531300,2,1,1,0,1.0,0.0,58672.0,0.5374900100000002,0.70517999,0.037840001
Harvey,48201531400,3,0,0,0,,,92750.0,0.5374900100000001,0.70517999,0.037840001
Harvey,48201531600,7,0,0,0,,,141357.0,0.6664382740913921,0.7542646797732909,0.0635575436517888
Harvey,48201532003,11,0,0,0,,,40360.0,,,
Harvey,48201532004,5,0,0,0,,,32283.0,,,
Harvey,48201532400,14,0,0,0,,,57399.0,0.6340515768586387,0.7858575492670157,0.0321947379136125
Harvey,48201532502,271,6,4,0,0.6666666666666666,0.0,53916.0,0.6653199799999997,0.7632600099999999,0.03523
Harvey,48201532504,77,1,0,1,0.0,1.0,102313.0,,,
Harvey,48201532700,161,13,5,4,0.38461538461538464,0.3076923076923077,57051.0,0.5630810049543569,0.836685014207469,0.025344571619917
Harvey,48201532800,125,18,16,1,0.8888888888888888,0.05555555555555555,73750.0,0.5632299800000001,0.8370400100000005,0.025319999
Harvey,48201533100,13,0,0,0,,,61033.0,0.5632299800000001,0.8370400099999998,0.025319999
Harvey,48201533200,1,1,1,0,1.0,0.0,36886.0,0.5504791190502792,0.8066557132960896,0.0274231838547486
Harvey,48201533500,43,1,1,0,1.0,0.0,59114.0,0.5625446192881589,0.8335130248300254,0.025158648326945
Harvey,48201533600,62,6,1,3,0.16666666666666666,0.5,37420.0,0.5492505948905109,0.7601449241605839,0.0217512398759124
Harvey,48201533701,12,1,0,1,0.0,1.0,35894.0,0.5491195592607552,0.7600945356962249,0.021755085918525
Harvey,48201533702,19,2,0,1,0.0,0.5,48188.0,0.5492900000000001,0.7601600299999999,0.021749999
Harvey,48201534204,2,0,0,0,,,71448.0,,,
Harvey,48201540502,601,48,19,19,0.3958333333333333,0.3958333333333333,86309.0,0.75639999,0.7986699899999999,0.0377800019999999
Harvey,48201540504,170,13,6,5,0.46153846153846156,0.38461538461538464,55587.0,,,
Harvey,48201540601,203,5,1,3,0.2,0.6,90214.0,0.75639999,0.7986699899999998,0.0377800019999999
Harvey,48201540602,14,0,0,0,,,90536.0,0.7689569523155184,0.797320240396905,0.0396335051998853
Harvey,48201540700,14,1,0,1,0.0,1.0,81079.0,0.7119000000000002,0.8057900100000001,0.034150001
Harvey,48201541603,9,0,0,0,,,61403.0,,,
Harvey,48201541604,4,1,0,1,0.0,1.0,108768.0,,,
Harvey,48201541701,80,6,3,3,0.5,0.5,102792.0,,,
Harvey,48201541702,9,0,0,0,,,71560.0,,,
Harvey,48201541703,162,6,1,3,0.16666666666666666,0.5,71064.0,,,
Harvey,48201541802,5,0,0,0,,,54202.0,,,
Harvey,48201542004,23,0,0,0,,,77107.0,,,
Harvey,48201542103,1,0,0,0,,,88279.0,,,
Harvey,48201542105,29,8,1,3,0.125,0.375,87149.0,,,
Harvey,48201542201,16,0,0,0,,,93548.0,,,
Harvey,48201542203,44,2,0,1,0.0,0.5,81590.0,,,
Harvey,48201542302,2,0,0,0,,,91384.0,0.7822399699999999,0.8309199799999999,0.038539998
Harvey,48201542305,24,0,0,0,,,93021.0,,,
Harvey,48201542700,2,0,0,0,,,71914.0,0.938063482321876,0.837633573469156,0.0564351546537673
Harvey,48201542800,3,0,0,0,,,98500.0,0.9380400200000004,0.83762997,0.056430001
Harvey,48201543007,5,1,1,0,1.0,0.0,179290.0,,,
Harvey,48201543010,11,0,0,0,,,112976.0,,,
Harvey,48201543202,11,1,1,0,1.0,0.0,92770.0,,,
Harvey,48201550202,1,0,0,0,,,27790.0,,,
Harvey,48201552200,2,0,0,0,,,88432.0,0.899716439574566,0.8362554062356012,0.0681898016642604
Harvey,48201552602,131,33,20,5,0.6060606060606061,0.15151515151515152,75078.0,0.8793900000000003,0.73325998,0.0485499989999999
Harvey,48201552702,31,1,0,1,0.0,1.0,54629.0,,,
Harvey,48201552801,28,0,0,0,,,79208.0,,,
Harvey,48201552902,28,0,0,0,,,125865.0,,,
Harvey,48201553001,6,0,0,0,,,83373.0,0.7284500000000002,0.53179002,0.0357099999999999
Harvey,48201553002,31,0,0,0,,,96371.0,0.7284499999999997,0.53179002,0.0357099999999999
Harvey,48201553101,116,14,4,5,0.2857142857142857,0.35714285714285715,82400.0,,,
Harvey,48201553102,15,0,0,0,,,79486.0,,,
Harvey,48201553202,29,0,0,0,,,42065.0,,,
Harvey,48201553401,79,6,1,4,0.16666666666666666,0.6666666666666666,113768.0,0.91521001,0.80066001,0.05937
Harvey,48201553404,10,1,0,1,0.0,1.0,139274.0,,,
Harvey,48201553405,18,0,0,0,,,109329.0,,,
Harvey,48201553500,42,3,0,1,0.0,0.3333333333333333,87872.0,0.9152100100000004,0.8006600099999996,0.05937
Harvey,48201553601,10,2,0,2,0.0,1.0,121136.0,,,
Harvey,48201553700,149,10,1,8,0.1,0.8,69637.0,0.92629999,0.83661997,0.065009996
Harvey,48201553801,33,2,0,2,0.0,1.0,138958.0,0.92629999,0.8366199699999999,0.0650099959999999
Harvey,48201553803,41,1,0,1,0.0,1.0,144414.0,,,
Harvey,48201553804,22,0,0,0,,,76667.0,,,
Harvey,48201553901,24,1,0,1,0.0,1.0,154155.0,,,
Harvey,48201554001,53,4,0,1,0.0,0.25,69384.0,0.92629999,0.8366199700000002,0.0650099959999999
Harvey,48201554002,26,0,0,0,,,173333.0,0.92629999,0.8366199700000001,0.065009996
Harvey,48201554201,1,0,0,0,,,79500.0,,,
Harvey,48201554202,7,0,0,0,,,82643.0,,,
Harvey,48201554301,179,16,1,11,0.0625,0.6875,132222.0,0.8793899999999999,0.73325998,0.048549999
Harvey,48201554302,6,1,1,0,1.0,0.0,108500.0,0.9015511684411766,0.8277902607647061,0.0667687350970588
Harvey,48201554404,11,1,1,0,1.0,0.0,161705.0,,,
Harvey,48201554405,260,47,5,13,0.10638297872340426,0.2765957446808511,131192.0,,,
Harvey,48201554406,50,4,0,0,0.0,0.0,133802.0,,,
Harvey,48201554407,191,3,1,1,0.3333333333333333,0.3333333333333333,114558.0,,,
Harvey,48201554408,4,0,0,0,,,111655.0,,,
Harvey,48201554409,2,0,0,0,,,141761.0,,,
Harvey,48201554410,3,0,0,0,,,142737.0,,,
Harvey,48201554501,3,1,0,1,0.0,1.0,149807.0,0.9069899899999996,0.8509900000000001,0.07124
Harvey,48201554600,32,1,0,1,0.0,1.0,141995.0,0.9237991452660153,0.8393037383887079,0.0668103269211726
Harvey,48201554702,33,5,3,1,0.6,0.2,146557.0,,,
Harvey,48201554902,2,0,0,0,,,127431.0,0.9060011034616628,0.7997905265415723,0.0723214097906826
Harvey,48201554908,2,1,0,1,0.0,1.0,96789.0,,,
Harvey,48201555301,10,1,0,1,0.0,1.0,136713.0,0.90302998,0.7995099999999998,0.0764999989999999
Harvey,48201555304,14,3,0,0,0.0,0.0,150076.0,,,
Harvey,48201555305,30,11,0,5,0.0,0.45454545454545453,199375.0,,,
Harvey,48201555404,1,1,1,0,1.0,0.0,43722.0,,,
Harvey,48201555501,3,2,2,0,1.0,0.0,95697.0,0.9401886925901944,0.8263585670467158,0.0624809717324236
Harvey,48201555504,2,0,0,0,,,116700.0,,,
Harvey,48201555600,1,0,0,0,,,136417.0,0.92015529493534,0.8334298031142678,0.0628157948978163
Harvey,48201555701,213,7,1,4,0.14285714285714285,0.5714285714285714,133341.0,0.9178878043304076,0.8577686834654588,0.0729381802034258
Harvey,48201555703,105,3,0,2,0.0,0.6666666666666666,122891.0,,,
Harvey,48201556000,3,0,0,0,,,78951.0,0.8040704673955436,0.8581913217858246,0.0557082072279479
Harvey,48201980700,3,1,0,0,0.0,0.0,130563.0,,,
Harvey,48239950100,1,0,0,0,,,61958.0,0.8391338677158707,0.9789540491056749,0.0509924242976973
Harvey,48245005100,34,7,4,0,0.5714285714285714,0.0,34000.0,0.61486,0.9730399799999998,0.10232
Harvey,48245005400,49,8,4,0,0.5,0.0,37066.0,0.6148599999999999,0.9730399800000006,0.1023199999999999
Harvey,48245005500,39,7,3,2,0.42857142857142855,0.2857142857142857,49231.0,0.5303599799999998,0.9906399800000004,0.084559999
Harvey,48245005900,76,9,4,3,0.4444444444444444,0.3333333333333333,25948.0,0.6148600000000001,0.97303998,0.10232
Harvey,48245006100,173,23,14,3,0.6086956521739131,0.13043478260869565,37994.0,0.6148599999999997,0.9730399799999994,0.10232
Harvey,48245006300,89,6,4,1,0.6666666666666666,0.16666666666666666,36490.0,0.6148599999999996,0.97303998,0.1023199999999999
Harvey,48245006400,109,15,4,5,0.26666666666666666,0.3333333333333333,28095.0,0.5303599800000002,0.99063998,0.084559999
Harvey,48245006600,1,0,0,0,,,38495.0,0.53035998,0.99063998,0.084559999
Harvey,48245006700,74,8,3,3,0.375,0.375,49219.0,0.5510685165125764,0.9863267237117608,0.0889124669541128
Harvey,48245006800,5,0,0,0,,,55425.0,0.552573208836962,0.9860133204142324,0.0892287193903345
Harvey,48245007002,8,0,0,0,,,42850.0,0.5303599799999997,0.99063998,0.0845599989999999
Harvey,48245010100,18,3,1,1,0.3333333333333333,0.3333333333333333,46440.0,0.5303599800000001,0.99063998,0.0845599989999999
Harvey,48245010300,18,0,0,0,,,61341.0,0.53035998,0.9906399800000004,0.0845599989999999
Harvey,48245011800,107,20,12,2,0.6,0.1,32241.0,0.6148599999999995,0.9730399799999998,0.10232
Harvey,48291700100,1,0,0,0,,,55690.0,0.6696778102821314,0.936557496802508,0.0604380898463949
Harvey,48291700301,2,0,0,0,,,44705.0,,,
Harvey,48291700302,4,0,0,0,,,55130.0,,,
Harvey,48291700600,1,0,0,0,,,40486.0,0.6426840742620138,0.971782383381007,0.0662111734445079
Harvey,48291700801,1,0,0,0,,,74476.0,,,
Harvey,48291701200,15,2,0,1,0.0,0.5,41790.0,0.7725600000000007,0.9946699699999996,0.08286
Harvey,48291701400,28,1,0,0,0.0,0.0,62917.0,0.7725600000000006,0.9930652068901406,0.0893143005859154
Harvey,48321730503,19,9,5,3,0.5555555555555556,0.3333333333333333,56329.0,,,
Harvey,48339690405,12,2,0,2,0.0,1.0,111250.0,,,
Harvey,48339690701,1,0,0,0,,,69251.0,,,
Harvey,48339691202,1,0,0,0,,,164531.0,,,
Harvey,48339691403,2,0,0,0,,,50355.0,,,
Harvey,48339691900,22,0,0,0,,,93894.0,1.0322648537105306,0.8701010943724954,0.0633526223165571
Harvey,48339692007,145,41,0,2,0.0,0.04878048780487805,83382.0,,,
Harvey,48339692009,11,0,0,0,,,175747.0,,,
Harvey,48339692101,77,16,6,8,0.375,0.5,110556.0,,,
Harvey,48339692303,1,1,0,1,0.0,1.0,74519.0,,,
Harvey,48339692501,3,0,0,0,,,61156.0,,,
Harvey,48339692701,1,0,0,0,,,57857.0,,,
Harvey,48339692702,1,0,0,0,,,72485.0,,,
Harvey,48339692802,11,0,0,0,,,84848.0,0.64846998,0.8986700199999998,0.0497100019999999
Harvey,48339693701,1,0,0,0,,,106045.0,,,
Harvey,48339694206,1,0,0,0,,,104394.0,,,
Harvey,48339694305,36,3,0,1,0.0,0.3333333333333333,100568.0,,,
Harvey,48339694306,110,15,0,9,0.0,0.6,84779.0,,,
Harvey,48339694308,5,0,0,0,,,136689.0,,,
Harvey,48351950300,1,0,0,0,,,41581.0,0.8328939849430523,0.9788827415390334,0.1546777333159851
Harvey,48355003002,1,1,0,1,0.0,1.0,58482.0,0.8997899900000002,0.94032001,0.077579997
Harvey,48355003101,54,6,2,4,0.3333333333333333,0.6666666666666666,81857.0,0.8997899900000004,0.9403200099999998,0.0775799969999999
Harvey,48355003202,1,0,0,0,,,93142.0,0.8618042552638863,0.9036288238782368,0.0434059922793041
Harvey,48355005103,559,132,21,80,0.1590909090909091,0.6060606060606061,88519.0,,,
Harvey,48355005104,405,161,50,88,0.3105590062111801,0.546583850931677,60586.0,,,
Harvey,48355006201,152,0,0,0,,,129625.0,,,
Harvey,48355006202,301,0,0,0,,,115455.0,,,
Harvey,48355006203,47,0,0,0,,,139130.0,,,
Harvey,48355006204,427,0,0,0,,,115286.0,,,
Harvey,48355006205,1,0,0,0,,,,,,
Harvey,48355006300,1,0,0,0,,,31349.0,0.8059119383269963,0.9251957592252852,0.0456269487048479
Harvey,48361020200,83,10,5,3,0.5,0.3,44800.0,0.7402999999999998,0.9902599999999996,0.14098001
Harvey,48361020300,14,4,1,2,0.25,0.5,53149.0,0.740576009053187,0.990242425511128,0.1410405758129009
Harvey,48361020500,33,4,1,2,0.25,0.5,62240.0,0.7402999999999998,0.9902600000000004,0.14098001
Harvey,48361020800,8,0,0,0,,,50406.0,0.7403000000000002,0.99026,0.14098001
Harvey,48361020900,32,7,3,2,0.42857142857142855,0.2857142857142857,39688.0,0.7403,0.9902599999999996,0.14098001
Harvey,48361021000,1,0,0,0,,,85572.0,0.8936399799999997,0.9844199999999996,0.1871200100000001
Harvey,48361021300,6,0,0,0,,,94788.0,0.8936399799999997,0.984419999999999,0.1871200099999999
Harvey,48361021400,3,1,0,1,0.0,1.0,84896.0,0.8936399799999999,0.9844199999999996,0.1871200099999999
Harvey,48361021503,1,0,0,0,,,92120.0,,,
Harvey,48361021504,4,0,0,0,,,62017.0,,,
Harvey,48361021600,7,2,2,0,1.0,0.0,72361.0,0.9006500199999997,0.99238998,0.17799
Harvey,48361021700,8,0,0,0,,,77292.0,0.9006500199999998,0.9923899800000004,0.17799
Harvey,48361021800,4,1,1,0,1.0,0.0,84167.0,0.9006500199999993,0.99238998,0.17799
Harvey,48361021901,3,0,0,0,,,98365.0,,,
Harvey,48361021902,12,4,3,0,0.75,0.0,56307.0,,,
Harvey,48361022000,17,1,0,1,0.0,1.0,49632.0,0.8980338675652609,0.9923552288202808,0.1773861723519076
Harvey,48361022200,7,0,0,0,,,117011.0,0.7402999999999998,0.99026,0.14098001
Harvey,48361022301,15,2,1,0,0.5,0.0,99716.0,,,
Harvey,48361022302,12,2,0,1,0.0,0.5,123517.0,,,
Harvey,48361022400,32,4,1,3,0.25,0.75,79243.0,0.9531701075713698,0.976705794826231,0.1876909818266446
Harvey,48409010201,77,7,5,1,0.7142857142857143,0.14285714285714285,66458.0,0.7095100300000003,0.9700599899999997,0.0562000009999999
Harvey,48409010302,13,5,0,3,0.0,0.6,87500.0,0.7934799800000002,0.97093999,0.0428699999999999
Harvey,48469000100,55,5,4,1,0.8,0.2,57083.0,0.6992499799999999,0.98841,0.03977
Harvey,48469000301,55,10,4,3,0.4,0.3,28536.0,0.6997873228571426,0.9882338960639356,0.039936033978022
Harvey,48469000400,33,3,0,3,0.0,1.0,67857.0,0.7018536510834812,0.988277092545885,0.039975079928952
Harvey,48469001300,3,1,0,0,0.0,0.0,57588.0,0.8304636327777776,0.9454072124643872,0.0803138063461538
Harvey,48469001401,130,13,7,2,0.5384615384615384,0.15384615384615385,91724.0,,,
Harvey,48473680100,1,1,0,0,0.0,0.0,139118.0,0.9372061953803263,0.8408980843528475,0.0572030555762644
Harvey,48473680202,2,0,0,0,,,57765.0,,,
Harvey,48481740100,10,0,0,0,,,70417.0,0.7768151825426729,0.9924363782401412,0.0356359786968805
Harvey,48481740200,6,1,0,1,0.0,1.0,48889.0,0.69044,0.9959999899999998,0.03111
Harvey,48481740300,17,6,2,0,0.3333333333333333,0.0,43281.0,0.6907046069845535,0.9960238992008056,0.0313322968569509
Harvey,48481740400,98,2,1,0,0.5,0.0,47177.0,0.6904400000000002,0.9959999900000004,0.03111
Harvey,48481740500,13,2,0,0,0.0,0.0,45382.0,0.7133231531637031,0.9950644753586756,0.0324435005751073
Irma,12015010200,46,3,2,1,0.6666666666666666,0.3333333333333333,49453.0,0.8166393071638417,0.9450352361807912,0.1114661808881356
Irma,12015010301,76,5,0,1,0.0,0.2,66151.0,0.7864700000000001,0.8926600200000001,0.066550002
Irma,12015010302,33,1,0,0,0.0,0.0,38690.0,0.7864700000000007,0.8926600200000001,0.066550002
Irma,12015010405,7,1,0,1,0.0,1.0,82109.0,,,
Irma,12015010506,9,2,0,2,0.0,1.0,71418.0,,,
Irma,12015020401,1,0,0,0,,,67860.0,,,
Irma,12015020402,1,1,0,0,0.0,0.0,68606.0,,,
Irma,12015020501,2,0,0,0,,,74290.0,0.78561997,0.8633599899999999,0.05429
Irma,12015020601,1,0,0,0,,,62681.0,0.7007700200000003,0.93480003,0.0523900019999999
Irma,12015021001,2,1,0,0,0.0,0.0,62593.0,0.81336999,0.8627499900000001,0.0649499969999999
Irma,12015021003,19,1,0,0,0.0,0.0,38004.0,0.7516880321336759,0.7934653256298205,0.0562562205192802
Irma,12015030301,9,3,1,0,0.3333333333333333,0.0,71268.0,0.84223002,0.9513400200000004,0.0767799989999999
Irma,12019030600,1,0,0,0,,,55298.0,0.7660800200000001,0.8369100099999999,0.0602300019999999
Irma,12019030701,9,0,0,0,,,113211.0,1.0292701,0.89200002,0.084990002
Irma,12019031500,1,0,0,0,,,64223.0,0.8011999700000003,0.9346600200000004,0.06865
Irma,12021000101,53,11,0,10,0.0,0.9090909090909091,71029.0,0.7669299800000001,0.80383998,0.055009998
Irma,12021000102,8,1,1,0,1.0,0.0,90950.0,0.7669299800000001,0.80383998,0.0550099979999999
Irma,12021000301,53,18,5,13,0.2777777777777778,0.7222222222222222,145000.0,0.8037899700000001,0.7700700199999999,0.081050001
Irma,12021000302,23,7,2,5,0.2857142857142857,0.7142857142857143,128750.0,0.7808337482767975,0.7911017861329714,0.0648324143283582
Irma,12021000401,6,0,0,0,,,153646.0,0.8037899700000001,0.77007002,0.081050001
Irma,12021000500,43,6,1,5,0.16666666666666666,0.8333333333333334,247375.0,0.7669299799999999,0.8038399799999999,0.055009998
Irma,12021000600,53,8,0,5,0.0,0.625,125417.0,0.7669299800000002,0.80383998,0.0550099979999999
Irma,12021000700,11,3,0,2,0.0,0.6666666666666666,53525.0,0.7669299799999999,0.80383998,0.055009998
Irma,12021010107,2,1,0,1,0.0,1.0,64460.0,0.99755001,0.7768099900000001,0.0848800019999999
Irma,12021010108,4,0,0,0,,,97517.0,0.9975500100000004,0.7768099900000001,0.084880002
Irma,12021010109,18,3,1,2,0.3333333333333333,0.6666666666666666,74408.0,0.92058998,0.7878699899999999,0.072789997
Irma,12021010111,64,12,2,10,0.16666666666666666,0.8333333333333334,90095.0,,,
Irma,12021010114,4,0,0,0,,,112273.0,,,
Irma,12021010209,126,32,7,24,0.21875,0.75,156985.0,0.9358883956922356,0.7856714399532272,0.0751932954681945
Irma,12021010215,1,1,0,1,0.0,1.0,183906.0,0.92058998,0.7878699899999999,0.072789997
Irma,12021010401,16,0,0,0,,,87348.0,0.8391334333619763,0.7875240642964555,0.0726359320515574
Irma,12021010601,139,27,12,8,0.4444444444444444,0.2962962962962963,45771.0,0.6888536306924044,0.8488261915484684,0.0697250752211498
Irma,12021010602,85,5,1,4,0.2,0.8,62513.0,0.7134699799999998,0.8222600200000002,0.063150004
Irma,12021010604,7,0,0,0,,,69861.0,0.6690300099999998,0.87022001,0.07502
Irma,12021010605,1,0,0,0,,,67125.0,0.662631102544987,0.8754667957969152,0.0756499488367609
Irma,12021010701,167,19,7,11,0.3684210526315789,0.5789473684210527,43446.0,0.6697850226221078,0.8697080817480722,0.0748656812185089
Irma,12021010702,128,16,4,7,0.25,0.4375,91528.0,0.6690300099999998,0.87022001,0.07502
Irma,12021010801,7,1,0,0,0.0,0.0,59167.0,0.5924400100000001,0.93302,0.082560003
Irma,12021010804,17,1,0,1,0.0,1.0,60785.0,,,
Irma,12021010805,74,15,2,9,0.13333333333333333,0.6,80951.0,,,
Irma,12021010902,336,32,2,19,0.0625,0.59375,125156.0,0.8904399899999996,0.95578998,0.33638999
Irma,12021010904,138,14,0,13,0.0,0.9285714285714286,112657.0,0.8904399899999998,0.9557899799999998,0.33638999
Irma,12021010905,187,24,3,19,0.125,0.7916666666666666,120153.0,0.8904399900000001,0.95578998,0.33638999
Irma,12021010906,41,5,1,3,0.2,0.6,64352.0,,,
Irma,12021010907,357,22,4,13,0.18181818181818182,0.5909090909090909,85559.0,,,
Irma,12021011003,84,6,1,3,0.16666666666666666,0.5,119356.0,,,
Irma,12021011103,26,1,0,1,0.0,1.0,38719.0,0.6681699800000002,0.85075003,0.10868
Irma,12021011107,18,1,0,1,0.0,1.0,90998.0,,,
Irma,12021011108,48,2,0,1,0.0,0.5,88368.0,,,
Irma,12021011109,8,0,0,0,,,138819.0,,,
Irma,12031000101,32,5,0,4,0.0,0.8,37002.0,,,
Irma,12031000200,1,0,0,0,,,26064.0,0.4555900099999997,0.8854600199999998,0.051830001
Irma,12031000600,30,2,1,1,0.5,0.5,43781.0,0.6168500199999998,0.8098200000000001,0.0598599989999999
Irma,12031000700,24,0,0,0,,,93214.0,0.61685002,0.8098200000000001,0.059859999
Irma,12031000800,193,17,3,13,0.17647058823529413,0.7647058823529411,72332.0,0.6168500199999999,0.8098200000000003,0.0598599989999999
Irma,12031001300,1,0,0,0,,,27900.0,0.4496792592499996,0.8910827707499999,0.049793750925
Irma,12031001401,10,0,0,0,,,34890.0,,,
Irma,12031002102,19,3,0,3,0.0,1.0,89036.0,0.6863999999999998,0.8639800000000002,0.081699997
Irma,12031002200,16,1,0,1,0.0,1.0,111637.0,0.6864000000000002,0.86398,0.0816999969999999
Irma,12031002300,46,2,1,1,0.5,0.5,92900.0,0.55264997,0.9108399699999998,0.048670001
Irma,12031002400,3,0,0,0,,,125043.0,0.5526499700000002,0.91083997,0.048670001
Irma,12031010104,4,1,1,0,1.0,0.0,96522.0,,,
Irma,12031010105,4,1,0,0,0.0,0.0,130455.0,,,
Irma,12031010202,1,0,0,0,,,91786.0,0.6201400199999999,0.9363499900000006,0.0450600009999999
Irma,12031010305,1,0,0,0,,,55741.0,,,
Irma,12031010308,1,0,0,0,,,69129.0,,,
Irma,12031010401,17,0,0,0,,,53995.0,0.6201400199999999,0.9363499900000002,0.045060001
Irma,12031010402,4,0,0,0,,,35516.0,0.6201400200000001,0.93634999,0.045060001
Irma,12031010501,16,1,1,0,1.0,0.0,83728.0,,,
Irma,12031010502,56,1,1,0,1.0,0.0,76898.0,,,
Irma,12031010503,299,4,0,1,0.0,0.25,53510.0,,,
Irma,12031010601,1,0,0,0,,,84012.0,,,
Irma,12031010700,123,3,2,1,0.6666666666666666,0.3333333333333333,39170.0,0.5223538024164991,0.8612142940704227,0.0411948323494969
Irma,12031010800,37,2,2,0,1.0,0.0,38286.0,0.43994001,0.9401199800000004,0.034669999
Irma,12031010900,35,0,0,0,,,51379.0,0.4399400100000001,0.9401199799999996,0.034669999
Irma,12031011000,176,17,10,3,0.5882352941176471,0.17647058823529413,40625.0,0.4399400100000001,0.9401199799999996,0.034669999
Irma,12031011100,51,1,0,0,0.0,0.0,29895.0,0.4399400099999997,0.9401199800000002,0.034669999
Irma,12031011200,21,2,1,0,0.5,0.0,42345.0,0.4399400100000001,0.94011998,0.034669999
Irma,12031011300,54,1,1,0,1.0,0.0,37904.0,0.4141586244533148,0.9484103718084002,0.0305921653228045
Irma,12031011400,37,1,0,1,0.0,1.0,35688.0,0.37678,0.9604300299999998,0.02468
Irma,12031011700,84,10,5,1,0.5,0.1,59375.0,0.5148058037353171,0.854870962098669,0.0366205859772905
Irma,12031012000,5,0,0,0,,,53054.0,0.683385094447809,0.8431393083787603,0.0610020770969109
Irma,12031012202,1,0,0,0,,,47210.0,,,
Irma,12031012400,21,0,0,0,,,68909.0,0.5526499700000003,0.91083997,0.048670001
Irma,12031012500,2,0,0,0,,,54528.0,0.5526499700000002,0.9108399700000002,0.048670001
Irma,12031012601,6,3,2,1,0.6666666666666666,0.3333333333333333,36611.0,0.5564623223990499,0.9095042938954868,0.0496114735700712
Irma,12031012602,20,2,2,0,1.0,0.0,44318.0,0.5526499700000002,0.9108399699999996,0.048670001
Irma,12031013000,50,0,0,0,,,116094.0,0.55264997,0.9108399700000002,0.048670001
Irma,12031013100,368,23,4,15,0.17391304347826086,0.6521739130434783,87981.0,0.5696934680652681,0.9019279824335666,0.0473297818857808
Irma,12031013301,34,0,0,0,,,62951.0,,,
Irma,12031013302,3,0,0,0,,,47551.0,,,
Irma,12031013402,14,2,0,2,0.0,1.0,50063.0,0.6052202966659678,0.8833511237657167,0.0445361221232187
Irma,12031013403,5,0,0,0,,,39171.0,0.5526499700000002,0.91083997,0.048670001
Irma,12031013404,21,1,0,1,0.0,1.0,46052.0,0.55264997,0.91083997,0.048670001
Irma,12031013522,170,2,1,1,0.5,0.5,77977.0,0.60746002,0.8821799799999999,0.0443600009999999
Irma,12031013524,47,1,1,0,1.0,0.0,53899.0,,,
Irma,12031013901,1,0,0,0,,,58955.0,0.8796500000000004,0.89412999,0.075489998
Irma,12031013904,2,1,1,0,1.0,0.0,56433.0,0.8796499999999999,0.8941299900000003,0.0754899979999999
Irma,12031014101,1,0,0,0,,,119524.0,0.9317799800000002,0.91108,0.0639500019999999
Irma,12031014204,4,1,0,0,0.0,0.0,165241.0,0.9317799800000002,0.91108,0.063950002
Irma,12031014330,1,0,0,0,,,131250.0,0.87081999,0.8465800300000001,0.060540002
Irma,12031014335,3,1,1,0,1.0,0.0,110660.0,0.87081999,0.84658003,0.0605400019999999
Irma,12031014341,1,0,0,0,,,82413.0,,,
Irma,12031014408,1,0,0,0,,,72241.0,0.9551826106032532,0.8692135005015817,0.0631093686240397
Irma,12031014601,2,0,0,0,,,101107.0,0.8239051037724554,0.8451206556886226,0.0584766363688622
Irma,12031014603,2,0,0,0,,,62288.0,0.8708199900000004,0.8465800299999996,0.0605400019999999
Irma,12031014702,1,0,0,0,,,60313.0,0.6113899899999998,0.83850998,0.04913
Irma,12031014703,2,0,0,0,,,113143.0,,,
Irma,12031014800,2,0,0,0,,,39844.0,0.6113899899999998,0.8385099800000002,0.04913
Irma,12031015701,2,0,0,0,,,37830.0,,,
Irma,12031015804,5,0,0,0,,,73814.0,,,
Irma,12031016400,17,0,0,0,,,88533.0,0.6168500199999999,0.8098200000000003,0.059859999
Irma,12031016500,3,0,0,0,,,110864.0,0.6202200099999998,0.7642499800000001,0.054439999
Irma,12031016603,9,0,0,0,,,78911.0,0.62022001,0.7642499800000003,0.054439999
Irma,12031016711,1,0,0,0,,,138409.0,0.8180800100000001,0.8091700100000001,0.057659999
Irma,12031016724,18,1,0,0,0.0,0.0,65807.0,0.7927258855665431,0.803413879250103,0.0572473826011537
Irma,12031016801,6,0,0,0,,,122656.0,0.96653003,0.7937899799999999,0.076970004
Irma,12031016803,3,0,0,0,,,98393.0,0.9665300300000002,0.79378998,0.076970004
Irma,12031016804,3,0,0,0,,,119766.0,0.96653003,0.7937899800000001,0.076970004
Irma,12031016812,4,1,0,1,0.0,1.0,85043.0,,,
Irma,12031017101,58,3,0,3,0.0,1.0,72447.0,,,
Irma,12031017102,166,0,0,0,,,61811.0,,,
Irma,12031017200,4,0,0,0,,,37974.0,0.7155218157968477,0.5373907254028022,0.0782888460035026
Irma,12031017400,6,0,0,0,,,44000.0,0.4904371385714284,0.8371581070003472,0.055470842282586
Irma,12057001100,1,0,0,0,,,61176.0,0.4984824697229917,0.8430731742936287,0.0456238512853185
Irma,12057001200,12,1,0,1,0.0,1.0,48488.0,0.5068499999999999,0.7891799799999998,0.0537
Irma,12057001400,7,0,0,0,,,49781.0,0.560259314208875,0.7694155335634245,0.0621647912671447
Irma,12057001500,18,5,3,1,0.6,0.2,88625.0,0.5068499999999999,0.7891799799999999,0.0537
Irma,12057002702,1,0,0,0,,,52230.0,,,
Irma,12057002800,4,0,0,0,,,84363.0,0.7462810677686246,0.73949246480659,0.0750093614641833
Irma,12057004200,8,1,0,1,0.0,1.0,86406.0,0.88767999,0.7718600000000001,0.061209999
Irma,12057004300,1,0,0,0,,,21268.0,0.6431099799999999,0.75247002,0.036839999
Irma,12057005102,1,0,0,0,,,157656.0,0.8876799900000002,0.7718599999999999,0.0612099989999999
Irma,12057005302,220,34,17,9,0.5,0.2647058823529412,40487.0,0.52095002,0.8392599800000001,0.04056
Irma,12057005401,122,23,3,19,0.13043478260869565,0.8260869565217391,114519.0,1.0994999,0.7927799800000003,0.06989
Irma,12057005500,2,1,0,1,0.0,1.0,119770.0,1.0994998999999994,0.7927799799999999,0.06989
Irma,12057005900,5,1,1,0,1.0,0.0,148017.0,1.0901900886917966,0.8535094889868667,0.082840920560805
Irma,12057006101,13,2,0,2,0.0,1.0,149894.0,1.0994999,0.7927799799999998,0.06989
Irma,12057006400,9,2,0,2,0.0,1.0,175288.0,1.1700000000000008,0.9320300199999996,0.097989999
Irma,12057006504,1,0,0,0,,,49118.0,,,
Irma,12057006700,41,9,1,7,0.1111111111111111,0.7777777777777778,139609.0,1.00578023415722,0.8602433248336747,0.0629387492938115
Irma,12057006802,2,0,0,0,,,88432.0,1.00424,0.85957003,0.0626099999999999
Irma,12057006900,9,1,0,1,0.0,1.0,94611.0,1.00424,0.8595700299999999,0.0626099999999999
Irma,12057007200,77,0,0,0,,,91696.0,0.8681799800000002,0.8303499799999999,0.0646499989999999
Irma,12057011613,3,0,0,0,,,47182.0,0.5801931843699262,0.8262885481856692,0.0309262911284857
Irma,12057011615,1,0,0,0,,,62528.0,0.5799700000000001,0.8285700099999999,0.030920001
Irma,12057011617,5,0,0,0,,,63312.0,,,
Irma,12057011708,1,0,0,0,,,84919.0,0.6084656438148239,0.7603756043612446,0.0333455778664305
Irma,12057011712,4,0,0,0,,,64897.0,0.5799700000000002,0.82857001,0.0309200009999999
Irma,12057011713,3,0,0,0,,,80166.0,,,
Irma,12057011714,15,3,1,1,0.3333333333333333,0.3333333333333333,99688.0,,,
Irma,12057013412,9,0,0,0,,,96550.0,0.8239905592900664,0.7434985585456952,0.0570352609154967
Irma,12057013413,2,0,0,0,,,116432.0,0.8244400000000002,0.74330997,0.05717
Irma,12057013501,54,7,2,3,0.2857142857142857,0.42857142857142855,61544.0,0.56897002,0.8167499900000001,0.03246
Irma,12057013602,3,1,1,0,1.0,0.0,53750.0,0.5689700200000001,0.8167499900000001,0.0324599999999999
Irma,12057013604,12,2,0,0,0.0,0.0,46250.0,0.713332425304054,0.7786411519594596,0.0412118574425675
Irma,12057013702,9,0,0,0,,,80383.0,0.7044612837885043,0.7809829589869798,0.0406740514553826
Irma,12057013801,24,3,3,0,1.0,0.0,49135.0,0.6149299699999999,0.7803099800000001,0.0414599999999999
Irma,12057013802,21,2,2,0,1.0,0.0,55679.0,0.6535965405507447,0.7756007869241426,0.0423986731371666
Irma,12057013804,1,0,0,0,,,91488.0,0.61492997,0.7803099799999998,0.04146
Irma,12057014002,1,0,0,0,,,50172.0,0.5978299999999998,0.90232998,0.0413499999999999
Irma,12057014104,4,0,0,0,,,46667.0,0.5978300000000001,0.9023299799999996,0.04135
Irma,12057014108,5,1,1,0,1.0,0.0,52000.0,0.5978299999999999,0.9023299800000004,0.04135
Irma,12057014109,4,0,0,0,,,74024.0,0.59783,0.90232998,0.04135
Irma,12057014117,1,0,0,0,,,106750.0,0.91736001,0.85790998,0.066670001
Irma,12057014118,12,2,0,1,0.0,0.5,101281.0,0.9173600100000002,0.8579099800000001,0.066670001
Irma,12057014121,3,0,0,0,,,109917.0,0.707689994187481,0.8870576087388223,0.0500554582531606
Irma,12057014400,2,0,0,0,,,95208.0,,,
Irma,12071000401,6,0,0,0,,,66875.0,0.5733100200000001,0.90667999,0.060690001
Irma,12071000402,1,0,0,0,,,69537.0,0.57331002,0.90667999,0.060690001
Irma,12071000503,1,0,0,0,,,58561.0,0.5339981270302714,0.9342000805349686,0.0538861909791231
Irma,12071001911,3,0,0,0,,,74219.0,0.8435650562864495,0.9126921431818183,0.065411045474271
Irma,12071001917,27,2,1,0,0.5,0.0,50115.0,,,
Irma,12071001921,3,0,0,0,,,,,,
Irma,12071010412,1,0,0,0,,,63406.0,0.8117181450192578,0.8518968446259886,0.0754082804498276
Irma,12071020502,1,0,0,0,,,54688.0,0.628566272198939,0.9045252559257296,0.0857335285713527
Irma,12071020600,2,0,0,0,,,64728.0,0.6502599700000001,0.75953001,0.0835399999999999
Irma,12071020700,2,0,0,0,,,72159.0,0.6502599699999999,0.7595300100000002,0.0835399999999999
Irma,12071050105,7,1,1,0,1.0,0.0,70972.0,0.8302786086938608,0.8219346411536878,0.0680678684338689
Irma,12071050106,211,11,2,5,0.18181818181818182,0.45454545454545453,74082.0,0.81441998,0.8395799999999999,0.0673300029999999
Irma,12071050321,17,4,0,4,0.0,1.0,149292.0,,,
Irma,12071050401,19,1,0,1,0.0,1.0,59973.0,,,
Irma,12071050501,1,0,0,0,,,92321.0,,,
Irma,12071050601,69,9,1,7,0.1111111111111111,0.7777777777777778,72639.0,0.91762,0.6100100299999999,0.0639799979999999
Irma,12071050603,69,4,0,3,0.0,0.75,59120.0,,,
Irma,12071060101,19,0,0,0,,,44083.0,0.8523899899999998,0.9348300100000002,0.064829998
Irma,12071060102,148,14,1,12,0.07142857142857142,0.8571428571428571,86838.0,0.8523899899999999,0.93483001,0.064829998
Irma,12071060201,3,1,0,1,0.0,1.0,103281.0,0.85238999,0.93483001,0.0648299979999999
Irma,12071060203,92,4,1,3,0.25,0.75,69107.0,0.8523899900000002,0.9348300100000002,0.064829998
Irma,12071060300,57,12,1,10,0.08333333333333333,0.8333333333333334,119500.0,0.9151473822924192,0.6223227007220218,0.0640122182166064
Irma,12071070102,3,0,0,0,,,76016.0,0.6913764228504198,0.932049125082353,0.0992420266598319
Irma,12071070201,1,0,0,0,,,76923.0,,,
Irma,12071070202,1,0,0,0,,,46786.0,,,
Irma,12071080204,1,0,0,0,,,138000.0,0.95402002,0.8808400000000002,0.066780001
Irma,12071080300,2,0,0,0,,,46651.0,0.5285952296903461,0.9342547129326044,0.0583781599435336
Irma,12081000101,3,0,0,0,,,60972.0,0.5502099999999999,0.92698002,0.040830001
Irma,12081000403,1,0,0,0,,,87303.0,0.8447899800000003,0.93878001,0.0631299989999999
Irma,12081000703,12,2,0,1,0.0,0.5,61055.0,0.5287200200000002,0.93818003,0.038679998
Irma,12081000704,37,2,0,2,0.0,1.0,43849.0,0.5287200200000003,0.9381800300000004,0.038679998
Irma,12081000705,4,0,0,0,,,45568.0,0.5287200200000003,0.9381800300000004,0.038679998
Irma,12081001002,1,0,0,0,,,,,,
Irma,12081001107,2,0,0,0,,,72870.0,0.8041317256647399,0.8730199787167631,0.0552252487791907
Irma,12081001202,22,2,0,1,0.0,0.5,73750.0,0.7489089699557011,0.93493930446491,0.0558717110055957
Irma,12081001300,2,0,0,0,,,57188.0,0.6311500099999998,0.95183998,0.0517099979999999
Irma,12081001402,7,0,0,0,,,67857.0,0.63115001,0.9518399800000004,0.051709998
Irma,12081001404,64,5,0,4,0.0,0.8,98769.0,0.63115001,0.9518399799999998,0.051709998
Irma,12081001602,2,0,0,0,,,72315.0,0.6311500100000002,0.9518399799999996,0.051709998
Irma,12081001603,23,2,0,2,0.0,1.0,60000.0,,,
Irma,12081001701,17,2,0,2,0.0,1.0,68125.0,0.8919799899999998,0.9362199900000004,0.036320001
Irma,12081001705,4,2,0,2,0.0,1.0,111824.0,,,
Irma,12081001801,2,1,0,1,0.0,1.0,102905.0,,,
Irma,12081001802,42,5,0,5,0.0,1.0,92663.0,,,
Irma,12081001904,21,0,0,0,,,69549.0,0.6868144859958254,0.8279317231292399,0.0511614268571925
Irma,12081002003,4,0,0,0,,,71175.0,0.5287200200000001,0.93818003,0.038679998
Irma,12086000107,2,0,0,0,,,54811.0,0.8799899800000002,0.7915199999999999,0.03889
Irma,12086000109,216,15,2,4,0.13333333333333333,0.26666666666666666,55179.0,0.72265105195301,0.5724834115198241,0.0382551678773862
Irma,12086000120,3,0,0,0,,,73939.0,0.7213699799999999,0.57069999,0.038249999
Irma,12086000123,87,14,4,9,0.2857142857142857,0.6428571428571429,56500.0,0.8799899800000001,0.79152,0.03889
Irma,12086000124,4,0,0,0,,,42105.0,0.6419067920524018,0.7441132651091704,0.0349601424809731
Irma,12086000211,15,2,0,1,0.0,0.5,54821.0,0.7601945133407433,0.8318243749094955,0.0348749313686884
Irma,12086000306,9,2,0,2,0.0,1.0,44622.0,0.5974599699999998,0.8411099900000001,0.033119999
Irma,12086000308,18,1,1,0,1.0,0.0,69924.0,0.5652993853301187,0.8284647516691399,0.0254045130949555
Irma,12086000309,10,2,1,1,0.5,0.5,43839.0,,,
Irma,12086000310,9,1,1,0,1.0,0.0,50500.0,,,
Irma,12086000312,4,0,0,0,,,40398.0,,,
Irma,12086000408,29,3,1,0,0.3333333333333333,0.0,43028.0,0.4193004929551594,0.9004797028633171,0.0152516837745362
Irma,12086000415,10,1,1,0,1.0,0.0,60893.0,,,
Irma,12086000416,2,0,0,0,,,30585.0,,,
Irma,12086000418,3,0,0,0,,,32276.0,,,
Irma,12086000712,12,0,0,0,,,40670.0,0.36320999,0.6889600199999998,0.01086
Irma,12086000808,50,1,0,1,0.0,1.0,42100.0,0.3632099899999999,0.68896002,0.01086
Irma,12086001006,84,12,4,5,0.3333333333333333,0.4166666666666667,30657.0,0.42877001,0.86833,0.0191499999999999
Irma,12086001007,11,0,0,0,,,46413.0,,,
Irma,12086001101,1,0,0,0,,,60679.0,0.5786566823873278,0.8337167147935131,0.0286089957942674
Irma,12086001104,6,1,0,1,0.0,1.0,151708.0,0.6957899900000001,0.7021700099999998,0.059050001
Irma,12086001204,29,6,0,4,0.0,0.6666666666666666,64155.0,0.7081856033526226,0.5994723812637671,0.0377041524440918
Irma,12086001205,7,1,0,1,0.0,1.0,106919.0,0.6456731874165553,0.772984879646195,0.0458340086588785
Irma,12086001206,27,4,2,2,0.5,0.5,104958.0,0.6928448188718848,0.7063315266724968,0.0582733481198076
Irma,12086001301,89,16,6,6,0.375,0.375,54716.0,0.6957899899999999,0.7021700099999999,0.059050001
Irma,12086001302,22,1,0,0,0.0,0.0,72127.0,0.7002575221150714,0.7006326479591097,0.0587674516965804
Irma,12086001402,8,2,0,1,0.0,0.5,31745.0,0.6932589949289101,0.703744986208531,0.0586718019383886
Irma,12086001605,1,0,0,0,,,29934.0,0.3632099899999999,0.6889600199999999,0.01086
Irma,12086001704,2,1,0,0,0.0,0.0,39696.0,,,
Irma,12086001705,24,3,2,1,0.6666666666666666,0.3333333333333333,33947.0,,,
Irma,12086002402,4,0,0,0,,,39047.0,0.4269599899999999,0.8992299999999998,0.01194
Irma,12086002707,3,2,0,2,0.0,1.0,82467.0,,,
Irma,12086002710,1,0,0,0,,,113082.0,,,
Irma,12086002900,2,1,0,1,0.0,1.0,37054.0,0.4300399985674547,0.8733391515994438,0.0175816694130737
Irma,12086003001,101,17,6,10,0.35294117647058826,0.5882352941176471,20515.0,0.5718100100000001,0.8372499900000003,0.031470001
Irma,12086003004,27,7,2,4,0.2857142857142857,0.5714285714285714,25055.0,0.4973795287393256,0.7442960645191012,0.0197069942584269
Irma,12086003005,12,3,1,2,0.3333333333333333,0.6666666666666666,33856.0,,,
Irma,12086003006,11,3,0,2,0.0,0.6666666666666666,30592.0,,,
Irma,12086003603,21,6,2,2,0.3333333333333333,0.3333333333333333,41056.0,,,
Irma,12086003604,2,1,0,1,0.0,1.0,60281.0,,,
Irma,12086003605,58,14,3,10,0.21428571428571427,0.7142857142857143,27610.0,,,
Irma,12086003606,5,2,1,0,0.5,0.0,17205.0,,,
Irma,12086003607,1,0,0,0,,,27565.0,,,
Irma,12086003906,16,1,0,0,0.0,0.0,210469.0,0.8508705211708043,0.7760109754205259,0.056882178830678
Irma,12086003911,19,3,0,1,0.0,0.3333333333333333,46458.0,0.8242700100000001,0.7332299899999998,0.055050001
Irma,12086003912,44,3,0,2,0.0,0.6666666666666666,51085.0,0.8242700100000002,0.7332299899999999,0.055050001
Irma,12086003913,4,0,0,0,,,47222.0,0.8242700100000003,0.73322999,0.055050001
Irma,12086003914,1,0,0,0,,,52083.0,0.8242700100000002,0.7332299900000001,0.0550500009999999
Irma,12086003915,47,4,0,3,0.0,0.75,64063.0,0.8242700100000001,0.73322999,0.055050001
Irma,12086003916,6,0,0,0,,,65713.0,0.82427001,0.7332299899999999,0.055050001
Irma,12086003917,3,0,0,0,,,71379.0,0.82427001,0.73322999,0.055050001
Irma,12086003919,2,0,0,0,,,111583.0,0.8595499999999999,0.7899699799999997,0.0574799999999999
Irma,12086004000,1,0,0,0,,,124504.0,0.8595499999999996,0.7899699800000001,0.05748
Irma,12086004102,2,1,0,1,0.0,1.0,181875.0,0.6425099999999999,0.8408300300000006,0.0413999999999999
Irma,12086004103,5,3,0,3,0.0,1.0,42238.0,0.8595500000000001,0.7899699799999998,0.0574799999999999
Irma,12086004105,2,0,0,0,,,68125.0,0.8274014129692834,0.7975035164163821,0.0550981843003412
Irma,12086004106,6,1,0,1,0.0,1.0,160664.0,0.7813963197969543,0.808284116024746,0.051689771573604
Irma,12086004301,1,0,0,0,,,78526.0,0.6425099999999999,0.8408300300000001,0.0413999999999999
Irma,12086004304,1,0,0,0,,,69659.0,0.6425099999999999,0.84083003,0.0413999999999999
Irma,12086004602,349,73,6,66,0.0821917808219178,0.9041095890410958,239853.0,0.8381500199999999,0.9374600100000005,0.038860001
Irma,12086004605,1,0,0,0,,,168646.0,0.8381500200000002,0.93746001,0.038860001
Irma,12086004607,32,5,0,5,0.0,1.0,166250.0,0.83815002,0.93746001,0.038860001
Irma,12086004701,3,0,0,0,,,88324.0,0.6959299999999998,0.77262002,0.0259000009999999
Irma,12086004703,8,1,1,0,1.0,0.0,85703.0,0.6959299999999996,0.7726200199999999,0.025900001
Irma,12086004901,31,4,1,3,0.25,0.75,51385.0,0.4805899900000001,0.6171699799999999,0.01438
Irma,12086004903,14,2,2,0,1.0,0.0,43428.0,,,
Irma,12086005002,120,13,7,2,0.5384615384615384,0.15384615384615385,55142.0,0.4922099999999997,0.7378399999999999,0.018890001
Irma,12086005003,296,33,7,13,0.21212121212121213,0.3939393939393939,60975.0,,,
Irma,12086005004,163,23,5,6,0.21739130434782608,0.2608695652173913,44643.0,,,
Irma,12086005102,181,22,6,8,0.2727272727272727,0.36363636363636365,33324.0,0.4922099999999996,0.73784,0.018890001
Irma,12086005103,7,0,0,0,,,45023.0,0.4922099999999998,0.73784,0.0188900009999999
Irma,12086005104,13,2,0,0,0.0,0.0,31440.0,0.4922099999999998,0.73784,0.018890001
Irma,12086005201,30,3,0,0,0.0,0.0,36535.0,0.4918106226881521,0.7370511334004762,0.018876358800769
Irma,12086005202,13,5,0,4,0.0,0.8,38322.0,0.5195704863160648,0.6248120300872144,0.0256271308320251
Irma,12086005303,1,0,0,0,,,41177.0,0.4485900099999999,0.6516799900000002,0.0174
Irma,12086005305,39,8,1,6,0.125,0.75,30667.0,,,
Irma,12086005406,13,0,0,0,,,,0.4916012955581884,0.7366376617877831,0.018869208463665
Irma,12086005701,12,2,1,0,0.5,0.0,55433.0,0.4777307695128372,0.6110781867939431,0.0151334168558262
Irma,12086005708,21,2,0,1,0.0,0.5,37176.0,,,
Irma,12086005902,5,1,0,0,0.0,0.0,47404.0,0.4615770321418888,0.5738904978852236,0.0202019440356981
Irma,12086005903,13,5,3,1,0.6,0.2,52685.0,0.62185001,0.7203299999999998,0.035119999
Irma,12086006002,94,11,6,2,0.5454545454545454,0.18181818181818182,74613.0,0.6218500099999997,0.7203299999999999,0.0351199989999999
Irma,12086006004,25,2,1,1,0.5,0.5,128636.0,,,
Irma,12086006605,2,2,2,0,1.0,0.0,112039.0,,,
Irma,12086006713,1,0,0,0,,,148068.0,1.0360301,0.6524599799999999,0.046410002
Irma,12086006719,5,1,0,1,0.0,1.0,102039.0,,,
Irma,12086006720,8,1,1,0,1.0,0.0,136406.0,,,
Irma,12086006801,3,2,1,1,0.5,0.5,139659.0,0.75603998,0.8027499900000002,0.054110002
Irma,12086006802,106,10,1,6,0.1,0.6,181728.0,0.770190945012225,0.7930568513501766,0.0539130770711763
Irma,12086007300,63,4,0,4,0.0,1.0,250001.0,0.7564498978239843,0.8026904252466155,0.0541141509332688
Irma,12086007403,3,1,0,1,0.0,1.0,124773.0,,,
Irma,12086007610,8,2,0,2,0.0,1.0,99296.0,,,
Irma,12086007708,107,11,3,2,0.2727272727272727,0.18181818181818182,70750.0,,,
Irma,12086007801,5,0,0,0,,,250001.0,0.8777999900000002,0.8237000100000001,0.04761
Irma,12086007806,3,1,0,1,0.0,1.0,250001.0,0.8777999900000009,0.8237000100000003,0.04761
Irma,12086007807,1,0,0,0,,,158984.0,0.8777999900000003,0.8237000100000001,0.0476099999999999
Irma,12086007901,1,0,0,0,,,125306.0,0.988808463737374,0.7712064699494949,0.0543402022340067
Irma,12086007902,12,1,1,0,1.0,0.0,179083.0,0.80567998,0.8062000300000004,0.044670001
Irma,12086008000,27,3,1,1,0.3333333333333333,0.3333333333333333,176778.0,0.8210257268402323,0.8125011053324591,0.0487331512833863
Irma,12086008101,2,0,0,0,,,250001.0,0.8777999900000001,0.8237000099999999,0.04761
Irma,12086008205,2,0,0,0,,,185559.0,1.0511251379899624,0.7459730565545796,0.0485515097932245
Irma,12086008206,21,0,0,0,,,97016.0,1.0012334041489614,0.751304377603247,0.0459625392169968
Irma,12086008207,2,0,0,0,,,232188.0,0.5932800199999999,0.8949400200000002,0.0281199999999999
Irma,12086008419,4,0,0,0,,,69023.0,0.7256912849817074,0.7277510294756098,0.0378764459941056
Irma,12086008423,4,0,0,0,,,95286.0,,,
Irma,12086008809,2,0,0,0,,,102382.0,,,
Irma,12086008906,3,0,0,0,,,59615.0,0.5393000199999999,0.7638700000000003,0.02256
Irma,12086008910,4,0,0,0,,,63368.0,,,
Irma,12086009010,7,0,0,0,,,89028.0,0.7842027247468628,0.7079363715923843,0.0224198918217221
Irma,12086009014,1,0,0,0,,,84464.0,0.4805899899999999,0.6171699800000002,0.01438
Irma,12086009020,16,1,0,1,0.0,1.0,39635.0,0.6210600100000001,0.6196200300000002,0.031810001
Irma,12086009021,135,10,2,3,0.2,0.3,50823.0,0.62106001,0.6196200299999999,0.031810001
Irma,12086009022,33,0,0,0,,,63107.0,0.62106001,0.6196200300000002,0.031810001
Irma,12086009040,140,3,1,2,0.3333333333333333,0.6666666666666666,76957.0,0.92507440675,0.8221537799166667,0.0249380833416666
Irma,12086009043,18,0,0,0,,,92188.0,0.92699999,0.8225700300000002,0.02493
Irma,12086009044,1,0,0,0,,,75208.0,0.9269999900000004,0.82257003,0.0249299999999999
Irma,12086009051,156,20,7,6,0.35,0.3,96400.0,,,
Irma,12086009052,1,1,0,0,0.0,0.0,38048.0,,,
Irma,12086009054,79,2,1,0,0.5,0.0,91364.0,,,
Irma,12086009055,16,2,0,1,0.0,0.5,67344.0,,,
Irma,12086009057,45,2,0,0,0.0,0.0,86667.0,,,
Irma,12086009101,89,10,2,5,0.2,0.5,52703.0,,,
Irma,12086009102,6,1,1,0,1.0,0.0,41714.0,,,
Irma,12086009704,5,1,0,1,0.0,1.0,89577.0,0.8314658020615273,0.8611236167715701,0.0394330198019801
Irma,12086010209,1,0,0,0,,,78176.0,0.61488003,0.7171499700000002,0.016009999
Irma,12086010213,1,0,0,0,,,42176.0,,,
Irma,12086010400,1,1,0,1,0.0,1.0,77542.0,0.5305191193984957,0.8767752764661656,0.0205672178796992
Irma,12086010610,20,0,0,0,,,89777.0,0.5951242487705689,0.8611127486248236,0.0270829247957216
Irma,12086010624,7,0,0,0,,,77455.0,,,
Irma,12086010626,4,4,0,4,0.0,1.0,62083.0,,,
Irma,12086011406,1,0,0,0,,,51699.0,,,
Irma,12086012701,1,1,1,0,1.0,0.0,121250.0,,,
Irma,12086013302,2,0,0,0,,,61979.0,,,
Irma,12086013900,1,0,0,0,,,60066.0,0.5629021567522468,0.7478301864569961,0.014706893453145
Irma,12086014400,1,0,0,0,,,77276.0,0.7094399899999998,0.6774899999999997,0.0260799989999999
Irma,12086014500,23,2,0,1,0.0,0.5,90293.0,0.5587563542420353,0.5815947594611932,0.0196462752751763
Irma,12086015002,15,1,0,1,0.0,1.0,96953.0,,,
Irma,12086015300,11,0,0,0,,,110500.0,0.6306461046215142,0.6997286879780876,0.0247052988047808
Irma,12086015400,2,2,0,0,0.0,0.0,84697.0,0.5734500299999999,0.6963599899999998,0.02369
Irma,12086015501,1,0,0,0,,,46964.0,,,
Irma,12086015502,2,1,0,0,0.0,0.0,86250.0,,,
Irma,12086015700,2,0,0,0,,,114191.0,0.6309759929988976,0.6738262871995586,0.0249963940705622
Irma,12086015800,1,0,0,0,,,62634.0,0.5734500300000003,0.6963599899999999,0.0236899999999999
Irma,12086016401,3,0,0,0,,,145938.0,,,
Irma,12086490100,45,12,3,7,0.25,0.5833333333333334,63889.0,0.48058999,0.6171699799999998,0.01438
Irma,12086980400,3,0,0,0,,,,0.8381500200000002,0.93746001,0.0388600009999999
Irma,12086980500,5,0,0,0,,,73375.0,0.42695999,0.89923,0.0119399999999999
Irma,12087970500,53,5,1,1,0.2,0.2,87625.0,0.8608099800000009,0.98566002,0.05553
Irma,12087970600,9,0,0,0,,,68692.0,0.8590051394068807,0.98512680455516,0.0554696916512455
Irma,12087970700,6,0,0,0,,,48445.0,0.8362699700000004,0.97841001,0.0547100009999999
Irma,12087970800,16,4,0,4,0.0,1.0,100144.0,0.813360059524881,0.9771553600025004,0.0517286375256314
Irma,12087970900,8,0,0,0,,,82198.0,0.7639599999999995,0.97444999,0.045299999
Irma,12087971001,41,4,0,0,0.0,0.0,96071.0,0.6931800199999999,0.99368,0.050009999
Irma,12087971002,21,0,0,0,,,90714.0,0.6931800199999999,0.9936800000000005,0.050009999
Irma,12087971100,84,13,3,10,0.23076923076923078,0.7692307692307693,77200.0,0.6931800199999999,0.9936800000000002,0.050009999
Irma,12087971200,63,16,1,12,0.0625,0.75,76793.0,0.6931800199999999,0.99368,0.050009999
Irma,12087971300,29,7,4,2,0.5714285714285714,0.2857142857142857,51905.0,0.6931800199999999,0.99368,0.0500099989999999
Irma,12087971401,4,0,0,0,,,71321.0,0.88569999,0.9399899799999994,0.0658299999999999
Irma,12087971800,1,0,0,0,,,69896.0,0.7705699799999998,0.9932600300000004,0.0764599959999999
Irma,12087971900,15,3,0,3,0.0,1.0,73047.0,0.7705699799999997,0.9932600299999996,0.0764599959999999
Irma,12087972000,95,0,0,0,,,91385.0,0.7705699799999999,0.99326003,0.0764599959999999
Irma,12087972100,44,0,0,0,,,83009.0,0.77056998,0.99326003,0.0764599959999999
Irma,12087972200,1,0,0,0,,,89866.0,0.7705699800000001,0.9932600299999996,0.0764599959999999
Irma,12087972500,2,0,0,0,,,127589.0,0.7705699799999997,0.9932600299999996,0.0764599959999999
Irma,12087972700,26,7,2,2,0.2857142857142857,0.2857142857142857,77009.0,,,
Irma,12089050102,4,0,0,0,,,91028.0,0.8891000199999989,0.97891003,0.1194099999999999
Irma,12089050103,1,0,0,0,,,55821.0,,,
Irma,12089050205,1,0,0,0,,,91352.0,,,
Irma,12089050505,2,0,0,0,,,54158.0,,,
Irma,12089050507,4,1,1,0,1.0,0.0,68258.0,,,
Irma,12089050509,71,4,1,1,0.25,0.25,54104.0,,,
Irma,12109020200,9,1,0,1,0.0,1.0,61326.0,0.8724300300000001,0.9716299800000002,0.071359999
Irma,12109020400,2,0,0,0,,,70484.0,0.8724300299999999,0.9716299800000004,0.0713599989999999
Irma,12109020500,3,1,1,0,1.0,0.0,110227.0,0.9657682183628202,0.9563071200396086,0.0895903053110641
Irma,12109020603,7,0,0,0,,,134637.0,,,
Irma,12109020604,7,1,0,1,0.0,1.0,126500.0,,,
Irma,12109020605,2,0,0,0,,,126307.0,,,
Irma,12109020606,4,0,0,0,,,102723.0,,,
Irma,12109020706,6,1,0,1,0.0,1.0,208929.0,1.2263499000000002,0.9018700100000002,0.075280003
Irma,12109020708,4,0,0,0,,,192375.0,1.2244650503172412,0.902011017751724,0.078302589055862
Irma,12109020713,2,0,0,0,,,138646.0,,,
Irma,12109020801,1,0,0,0,,,132264.0,1.16953,0.8921499800000001,0.0893699969999999
Irma,12109020905,1,0,0,0,,,98607.0,,,
Irma,12109020908,3,0,0,0,,,114078.0,,,
Irma,12109021004,7,2,1,1,0.5,0.5,87865.0,1.0628299999999995,0.8751400100000001,0.0883399989999999
Irma,12109021102,15,3,0,3,0.0,1.0,82154.0,0.8017590357547588,0.8164325058964144,0.0495571553421868
Irma,12109021209,1,0,0,0,,,64403.0,,,
Irma,12109021211,2,0,0,0,,,70936.0,,,
Irma,12115000200,1,0,0,0,,,64482.0,0.6240525210291039,0.9052156546433324,0.0620948649638577
Irma,12115000900,1,0,0,0,,,104781.0,0.5192402476109212,0.9684774209215016,0.058061876327645
Irma,12115001903,5,1,0,1,0.0,1.0,148203.0,1.0473800000000002,0.5584400300000001,0.07429
Irma,12115001904,12,0,0,0,,,126277.0,1.04738,0.55844003,0.07429
Irma,12115002203,26,0,0,0,,,61055.0,0.8892400300000003,0.8576099899999996,0.054850001
Irma,12115002205,6,0,0,0,,,103603.0,,,
Irma,12115002304,4,1,1,0,1.0,0.0,62356.0,0.88275999,0.8393999899999999,0.065020002
Irma,12115002507,2,0,0,0,,,70087.0,0.9571800199999998,0.9431099900000004,0.0657000019999999
Irma,12115002508,1,0,0,0,,,59508.0,0.9519262914776632,0.9434861391374564,0.0662064073611683
Irma,12115002603,10,3,0,2,0.0,0.6666666666666666,52016.0,0.8422300200000001,0.9513400199999996,0.076779999
Irma,12115002605,2,0,0,0,,,60865.0,0.84223002,0.95134002,0.0767799989999999
Irma,12115002714,5,0,0,0,,,75679.0,0.88924003,0.8576099899999997,0.054850001
Irma,12115002731,2,0,0,0,,,100621.0,,,
Irma,13039010100,1,0,0,0,,,55885.0,0.7445499899999994,0.9059374073249844,0.0711818766772639
Irma,13039010603,4,0,0,0,,,57989.0,,,
Irma,13051000601,14,1,1,0,1.0,0.0,29193.0,0.4609708884452296,0.96844950024735,0.0398296461378091
Irma,13051001100,12,1,1,0,1.0,0.0,46206.0,0.6243257066012775,0.9648891450912408,0.0659755550228102
Irma,13051001200,2,0,0,0,,,18375.0,0.4578277665887642,0.9685013749842696,0.0393371006444943
Irma,13051002100,2,1,0,1,0.0,1.0,53917.0,0.596429963936877,0.9638392574086382,0.0625603979169435
Irma,13051002200,66,4,2,1,0.5,0.25,59432.0,0.5698800100000001,0.96284002,0.05931
Irma,13051002300,7,0,0,0,,,34137.0,0.4060305444941636,0.969018015311284,0.0310285603365758
Irma,13051002700,15,3,1,1,0.3333333333333333,0.3333333333333333,43362.0,0.6032145354396327,0.963962921023622,0.0633059439619422
Irma,13051003302,10,1,0,0,0.0,0.0,61048.0,0.4003499999999999,0.96945,0.03033
Irma,13051003502,23,1,1,0,1.0,0.0,41667.0,0.5713680212221915,0.9626598303350729,0.0592522329030486
Irma,13051003602,16,1,1,0,1.0,0.0,39079.0,0.5698800099999999,0.96284002,0.05931
Irma,13051003800,7,0,0,0,,,65551.0,0.5720976950209987,0.9625714710032665,0.0592239057396173
Irma,13051003900,14,1,0,1,0.0,1.0,61615.0,0.6649299899999996,0.95133001,0.05562
Irma,13051004001,3,0,0,0,,,62704.0,0.6339617625292365,0.9521355712107312,0.0574248024255904
Irma,13051004002,5,0,0,0,,,55583.0,0.6649299900000002,0.95133001,0.05562
Irma,13051004100,1,0,0,0,,,94698.0,0.6649299900000001,0.95133001,0.05562
Irma,13051004209,2,0,0,0,,,58435.0,0.6679923987999997,0.9552547836000004,0.0540536
Irma,13051004210,2,0,0,0,,,49690.0,0.6649299899999999,0.95133001,0.05562
Irma,13051004500,13,0,0,0,,,45682.0,0.6249499900000002,0.9523699899999998,0.0579500009999999
Irma,13051010102,10,0,0,0,,,58723.0,0.5765315626670388,0.9620345549413734,0.0590517755443886
Irma,13051010200,8,0,0,0,,,78327.0,0.6649299899999999,0.95133001,0.05562
Irma,13051010503,2,0,0,0,,,37634.0,,,
Irma,13051010701,2,0,0,0,,,53750.0,,,
Irma,13051010806,41,1,1,0,1.0,0.0,71450.0,0.66841,0.95578998,0.05384
Irma,13051010807,2,1,0,0,0.0,0.0,84028.0,0.6684100000000001,0.95578998,0.0538399999999999
Irma,13051010814,1,0,0,0,,,74887.0,,,
Irma,13051011004,60,2,0,2,0.0,1.0,106206.0,0.6649299900000002,0.9513300100000004,0.0556199999999999
Irma,13051011007,16,0,0,0,,,100156.0,,,
Irma,13051011008,1,0,0,0,,,87813.0,,,
Irma,13051011108,9,0,0,0,,,103462.0,1.07937,0.96522999,0.08292
Irma,13051011110,113,4,0,4,0.0,1.0,101250.0,,,
Irma,13051011111,239,6,2,3,0.3333333333333333,0.5,88125.0,,,
Irma,13051011112,7,2,0,2,0.0,1.0,82885.0,,,
Irma,13051011114,22,0,0,0,,,88125.0,,,
Irma,13051011115,9,0,0,0,,,114000.0,,,
Irma,13051011600,20,0,0,0,,,58750.0,0.4353442558604249,0.9377752153142612,0.0321833120186389
Irma,13051011700,2,0,0,0,,,48438.0,,,
Irma,13051980000,2,0,0,0,,,,0.40035,0.96945,0.03033
Irma,13127000101,88,12,3,7,0.25,0.5833333333333334,69155.0,1.04008,0.9857699899999997,0.07942
Irma,13127000103,4,0,0,0,,,92925.0,,,
Irma,13127000104,1,0,0,0,,,96000.0,,,
Irma,13127000201,59,3,0,1,0.0,0.3333333333333333,97713.0,,,
Irma,13127000202,43,4,0,2,0.0,0.5,110400.0,,,
Irma,13127000301,3,2,0,2,0.0,1.0,87250.0,,,
Irma,13127000302,2,0,0,0,,,152755.0,,,
Irma,13127000303,20,0,0,0,,,117714.0,,,
Irma,13127000403,4,0,0,0,,,82000.0,0.6014084800000002,0.9856409047199548,0.0614076396082184
Irma,13127000501,37,1,1,0,1.0,0.0,37377.0,0.4513699999999996,0.9919899700000006,0.042550001
Irma,13127000601,4,0,0,0,,,48462.0,,,
Irma,13127000800,35,3,1,1,0.3333333333333333,0.3333333333333333,30862.0,0.4513699999999995,0.9919899700000004,0.0425500009999999
Irma,13127000900,79,1,0,0,0.0,0.0,27693.0,0.451369999999999,0.99198997,0.0425500009999999
Irma,13127001001,4,0,0,0,,,81950.0,,,
Irma,45013000502,1,0,0,0,,,54044.0,0.7114812311480868,0.9721815753327788,0.0499802156014974
Irma,45013000600,58,4,0,2,0.0,0.5,48380.0,0.7633255731571628,0.9670539733240616,0.0592033796425591
Irma,45013000700,8,0,0,0,,,74821.0,0.7663161241756842,0.9653281403516868,0.0598472820039783
Irma,45013000800,1,1,0,1,0.0,1.0,80198.0,0.725998743102725,0.9166066167695816,0.0567984588473413
Irma,45013000901,1,0,0,0,,,93155.0,0.8607199800000004,0.9534000199999996,0.07096
Irma,45013000902,1,0,0,0,,,77838.0,0.8607199800000003,0.95340002,0.0709599999999999
Irma,45013000903,1,0,0,0,,,102500.0,0.8607199800000004,0.9534000199999996,0.07096
Irma,45013001101,1,0,0,0,,,75658.0,0.5241500100000002,0.9927700200000004,0.047309998
Irma,45013001103,1,0,0,0,,,74859.0,,,
Irma,45013001200,3,0,0,0,,,90250.0,0.52415001,0.99277002,0.047309998
Irma,45013002102,1,0,0,0,,,103179.0,0.7440400100000006,0.9810699800000008,0.05429
Irma,45013002108,19,0,0,0,,,88795.0,0.734838168943175,0.980262752069616,0.0534994924631998
Irma,45013002202,1,0,0,0,,,120045.0,0.96873999,0.80887997,0.061280001
Irma,45013010300,3,0,0,0,,,95009.0,0.8287600300000003,0.96156001,0.051520001
Irma,45013010500,2,1,0,1,0.0,1.0,64817.0,0.64498001,0.9723799799999996,0.0457799989999999
Irma,45013011000,45,4,0,4,0.0,1.0,100284.0,0.7601668096612085,0.9655984064822132,0.0493776287120271
Irma,45013011100,1,0,0,0,,,114342.0,0.8287600300000003,0.9615600100000002,0.051520001
Irma,45015020404,4,2,0,2,0.0,1.0,92104.0,1.0857699999999997,0.8762999800000005,0.065310001
Irma,45015020406,3,0,0,0,,,140540.0,,,
Irma,45015020407,5,0,0,0,,,104431.0,,,
Irma,45015020602,1,0,0,0,,,102643.0,,,
Irma,45015020903,22,0,0,0,,,69358.0,0.7655100199999998,0.90961999,0.059999999
Irma,45019000100,454,33,2,28,0.06060606060606061,0.8484848484848485,98333.0,0.8342900300000001,0.7585099900000002,0.0563299989999999
Irma,45019000200,70,5,0,4,0.0,0.8,180491.0,0.8342900300000001,0.7585099900000001,0.056329999
Irma,45019000400,5,1,0,0,0.0,0.0,31016.0,0.8342900299999999,0.7169274293335317,0.0598682785331746
Irma,45019000500,204,14,1,13,0.07142857142857142,0.9285714285714286,97188.0,0.8342900300000005,0.7585099899999996,0.0563299989999999
Irma,45019000600,69,5,0,2,0.0,0.4,93189.0,0.9101698218789808,0.912528184490446,0.0624895521624203
Irma,45019000700,10,2,0,2,0.0,1.0,29255.0,0.8877133174999999,0.8669467434589042,0.0606666421472602
Irma,45019000900,136,13,2,8,0.15384615384615385,0.6153846153846154,66417.0,0.91189998,0.91604,0.062629998
Irma,45019001000,35,2,1,0,0.5,0.0,64537.0,0.91189998,0.91604,0.0626299979999999
Irma,45019001100,129,31,1,25,0.03225806451612903,0.8064516129032258,65956.0,0.91189998,0.91604,0.0626299979999999
Irma,45019001901,15,3,0,3,0.0,1.0,97368.0,1.0990999999999995,0.94235998,0.0750499959999999
Irma,45019001902,25,3,0,3,0.0,1.0,66932.0,1.099099999999999,0.9423599800000002,0.075049996
Irma,45019002002,29,3,1,0,0.3333333333333333,0.0,95703.0,1.0990999999999993,0.9423599800000004,0.0750499959999999
Irma,45019002004,123,13,1,10,0.07692307692307693,0.7692307692307693,88478.0,,,
Irma,45019002005,24,1,0,1,0.0,1.0,111603.0,1.0990999999999995,0.9423599800000004,0.0750499959999999
Irma,45019002006,7,1,0,1,0.0,1.0,103100.0,1.0990999999999995,0.9423599800000002,0.075049996
Irma,45019002007,5,1,0,1,0.0,1.0,162566.0,1.0991,0.94235998,0.075049996
Irma,45019002008,5,0,0,0,,,69464.0,,,
Irma,45019002009,20,1,0,1,0.0,1.0,83743.0,,,
Irma,45019002106,7,1,0,1,0.0,1.0,121082.0,,,
Irma,45019002503,3,1,1,0,1.0,0.0,75716.0,,,
Irma,45019002604,3,0,0,0,,,80914.0,0.8326799899999997,0.9054700100000008,0.0715399979999999
Irma,45019002605,2,0,0,0,,,61250.0,0.8326799900000003,0.9054700100000004,0.071539998
Irma,45019002606,1,0,0,0,,,110286.0,0.8326799900000003,0.90547001,0.071539998
Irma,45019002611,9,0,0,0,,,71150.0,0.9971299799999996,0.8947100000000007,0.073200002
Irma,45019002612,64,2,0,2,0.0,1.0,65304.0,0.8326799900000001,0.9054700100000004,0.0715399979999999
Irma,45019002613,17,2,1,1,0.5,0.5,71875.0,0.9725374586990878,0.8963190957203645,0.0729517582407294
Irma,45019002614,38,4,0,3,0.0,0.75,64752.0,0.9951213518728474,0.8948414251143131,0.0731797263482617
Irma,45019002701,3,0,0,0,,,75781.0,0.8642528384923441,0.9034041894699648,0.0718587031260306
Irma,45019002801,123,6,1,5,0.16666666666666666,0.8333333333333334,88281.0,0.92133966668964,0.8996689819319706,0.0724349534690973
Irma,45019002802,41,4,1,3,0.25,0.75,111917.0,0.8326799900000001,0.9054700099999998,0.071539998
Irma,45019002900,10,1,1,0,1.0,0.0,73847.0,0.8326799900000001,0.9054700100000002,0.071539998
Irma,45019003000,60,8,1,5,0.125,0.625,129412.0,0.8326799899999999,0.9054700100000004,0.0715399979999999
Irma,45019003107,1,0,0,0,,,72997.0,0.6508811755765292,0.8930414343029341,0.0509138633759381
Irma,45019003110,25,1,0,1,0.0,1.0,50753.0,0.6383799899999997,0.9255499799999996,0.04902
Irma,45019003300,2,0,0,0,,,36738.0,0.6179070482640142,0.9507574598579182,0.0505436010377163
Irma,45019003500,21,0,0,0,,,93556.0,0.6991900199999999,0.96306998,0.068609998
Irma,45019003600,7,1,0,1,0.0,1.0,83214.0,0.69919002,0.96306998,0.0686099979999999
Irma,45019003700,11,1,0,1,0.0,1.0,33991.0,0.6991900200000001,0.96306998,0.0686099979999999
Irma,45019003900,21,2,0,1,0.0,0.5,53696.0,0.6991900200000002,0.96306998,0.0686099979999999
Irma,45019004300,24,4,1,2,0.25,0.5,31903.0,0.6991900199999999,0.96306998,0.0686099979999999
Irma,45019004400,5,0,0,0,,,40741.0,0.7537113454873646,0.9510153641877256,0.0670772182166064
Irma,45019004607,12,0,0,0,,,91014.0,1.04198,0.94559002,0.075630002
Irma,45019004609,8,0,0,0,,,88750.0,1.085271049526176,0.8977862835740905,0.0821267420511091
Irma,45019004610,1,0,0,0,,,133000.0,1.0931816975,0.898571024630137,0.0824586629363013
Irma,45019004612,1,0,0,0,,,80738.0,1.0419799999999997,0.94559002,0.075630002
Irma,45019004613,4,0,0,0,,,228214.0,1.04198,0.94559002,0.075630002
Irma,45019004614,23,0,0,0,,,112841.0,1.0419799999999997,0.9455900200000004,0.075630002
Irma,45019004615,19,1,0,1,0.0,1.0,167815.0,,,
Irma,45019004616,4,1,0,1,0.0,1.0,88750.0,,,
Irma,45019004617,22,2,1,1,0.5,0.5,151563.0,,,
Irma,45019004618,3,0,0,0,,,117603.0,,,
Irma,45019004619,1,0,0,0,,,114292.0,,,
Irma,45019004620,12,0,0,0,,,95525.0,,,
Irma,45019004621,3,1,0,1,0.0,1.0,145313.0,,,
Irma,45019004622,2,0,0,0,,,91105.0,,,
Irma,45019004701,40,2,0,2,0.0,1.0,109521.0,1.04198,0.94559002,0.075630002
Irma,45019004702,16,1,0,1,0.0,1.0,90843.0,1.0419799999999997,0.94559002,0.075630002
Irma,45019004800,28,2,0,2,0.0,1.0,171838.0,,0.7184880999999994,0.1198813899999999
Irma,45019004901,8,1,0,1,0.0,1.0,144682.0,1.3063999,0.8427699800000003,0.13896
Irma,45019004902,18,1,0,1,0.0,1.0,176850.0,1.3063999000000004,0.84276998,0.13896
Irma,45019005100,43,2,0,1,0.0,0.5,69250.0,0.8775270452918784,0.846270998109137,0.0598397700164974
Irma,45019005300,15,6,1,5,0.16666666666666666,0.8333333333333334,52585.0,0.91189998,0.9160400000000004,0.0626299979999999
Irma,45019005400,27,3,0,1,0.0,0.3333333333333333,36854.0,0.8386752229560338,0.9322299276333024,0.0646885948194574
Irma,45019005601,51,2,0,2,0.0,1.0,97432.0,,,
Irma,45019005602,51,0,0,0,,,68295.0,,,
Irma,45019005701,7,0,0,0,,,123906.0,,,
Irma,45019005800,4,0,0,0,,,93961.0,0.8752701495744684,0.9115398960182372,0.0739021320790273
Irma,45019005900,25,0,0,0,,,94286.0,,,
Irma,45029970800,5,0,0,0,,,64034.0,0.7410928651468048,0.9747321172822528,0.0645323824806809
Irma,45035010815,26,7,4,3,0.5714285714285714,0.42857142857142855,68314.0,0.7150599999999998,0.8807299699999999,0.053459998
Irma,45035010820,8,0,0,0,,,88780.0,0.6348386051821272,0.9197605344681884,0.0491798251578436
Irma,45053950204,1,0,0,0,,,52719.0,,,
Michael,12005000201,1,0,0,0,,,55909.0,0.7455966876634826,0.9244246593113477,0.0676668667621241
Michael,12005000203,11,2,1,0,0.5,0.0,46667.0,,,
Michael,12005000204,3,0,0,0,,,80625.0,,,
Michael,12005000302,5,5,0,0,0.0,0.0,70240.0,,,
Michael,12005000402,7,3,1,0,0.3333333333333333,0.0,85000.0,,,
Michael,12005000500,148,35,1,3,0.02857142857142857,0.08571428571428572,75178.0,0.6782799999999999,0.9454000000000004,0.0570699979999999
Michael,12005000600,39,22,8,10,0.36363636363636365,0.45454545454545453,61167.0,0.7085199999999996,0.99523997,0.0460800009999999
Michael,12005000803,185,59,18,14,0.3050847457627119,0.23728813559322035,50114.0,0.6782799999999999,0.9454,0.057069998
Michael,12005000804,38,3,1,0,0.3333333333333333,0.0,68882.0,0.6782799999999998,0.9453999999999998,0.057069998
Michael,12005000805,140,21,9,2,0.42857142857142855,0.09523809523809523,63542.0,0.6782800000000001,0.9454,0.057069998
Michael,12005000806,138,21,8,4,0.38095238095238093,0.19047619047619047,75945.0,0.6782800000000001,0.9454000000000002,0.057069998
Michael,12005000900,184,38,18,9,0.47368421052631576,0.23684210526315788,65408.0,0.6782800000000001,0.9454,0.057069998
Michael,12005001000,124,35,27,0,0.7714285714285715,0.0,53884.0,0.5876937268976896,0.9497186205799152,0.0577584732003771
Michael,12005001100,113,28,12,4,0.42857142857142855,0.14285714285714285,48938.0,0.6188537966242452,0.9482330917709234,0.0575216499542709
Michael,12005001200,73,25,17,2,0.68,0.08,45000.0,0.6398365092597125,0.9518880698164578,0.0550818902912205
Michael,12005001301,142,25,9,3,0.36,0.12,86607.0,0.7341546090559371,0.9351027245652602,0.0621136076628066
Michael,12005001302,192,56,24,7,0.42857142857142855,0.125,71528.0,0.7026193479834593,0.9436394824328044,0.0580028430838043
Michael,12005001402,153,41,7,10,0.17073170731707318,0.24390243902439024,97730.0,0.7979500299999994,0.91987997,0.0694800019999999
Michael,12005001403,26,8,3,2,0.375,0.25,76797.0,0.7979500299999998,0.91987997,0.0694800019999999
Michael,12005001404,105,19,5,5,0.2631578947368421,0.2631578947368421,72634.0,0.7979500299999998,0.9198799700000004,0.0694800019999999
Michael,12005001501,80,19,2,5,0.10526315789473684,0.2631578947368421,82303.0,0.6735000000000001,0.9519900100000002,0.0539899989999999
Michael,12005001502,188,53,21,8,0.39622641509433965,0.1509433962264151,76339.0,0.6735000000000002,0.9519900100000008,0.053989999
Michael,12005001600,175,44,27,4,0.6136363636363636,0.09090909090909091,28472.0,0.5809327942622952,0.951709696885246,0.0569924602295082
Michael,12005001700,260,62,31,8,0.5,0.12903225806451613,38571.0,0.5480200099999999,0.95161003,0.058060002
Michael,12005001800,111,32,12,3,0.375,0.09375,46250.0,0.5480200100000001,0.95161003,0.0580600019999999
Michael,12005001900,116,25,10,8,0.4,0.32,74426.0,0.5480200100000001,0.95161003,0.058060002
Michael,12005002000,95,22,12,6,0.5454545454545454,0.2727272727272727,30987.0,0.590947375,0.9517400231578949,0.0566676325526315
Michael,12005002200,77,15,7,6,0.4666666666666667,0.4,40602.0,0.5929233334136547,0.9517460067786944,0.0566035414041429
Michael,12005002300,64,12,4,3,0.3333333333333333,0.25,60883.0,0.6163695845581038,0.95181700699562,0.0558430511259984
Michael,12005002400,66,13,2,2,0.15384615384615385,0.15384615384615385,46127.0,0.6421771281847767,0.9518951577065596,0.0550059712060591
Michael,12005002500,58,9,4,2,0.4444444444444444,0.2222222222222222,91389.0,0.6735000000000001,0.9519900100000006,0.0539899989999999
Michael,12005002604,15,0,0,0,,,57961.0,0.8082900000000004,0.9336299900000002,0.0592699979999999
Michael,12005002605,1,0,0,0,,,74429.0,0.8082900000000002,0.93362999,0.059269998
Michael,12005002606,13,4,0,3,0.0,0.75,78549.0,0.8082900000000003,0.9336299900000002,0.059269998
Michael,12005002607,24,5,0,2,0.0,0.4,53631.0,0.8082900000000003,0.9336299900000004,0.0592699979999999
Michael,12005002608,12,3,1,1,0.3333333333333333,0.3333333333333333,112813.0,0.8082900000000003,0.9336299900000002,0.059269998
Michael,12005002609,30,2,1,1,0.5,0.5,67156.0,,,
Michael,12005002710,1,0,0,0,,,70079.0,,,
Michael,12013010100,2,1,1,0,1.0,0.0,43859.0,0.5900495754048503,0.9887472600287708,0.0497467989958898
Michael,12013010301,3,1,0,1,0.0,1.0,50275.0,,,
Michael,12039020400,7,0,0,0,,,41611.0,0.37707999,0.9879739508966618,0.0346821660090553
Michael,12045960200,76,63,24,31,0.38095238095238093,0.49206349206349204,61786.0,0.7081941221456435,0.9952396971001284,0.0461244678309493
Michael,12045960302,11,7,2,4,0.2857142857142857,0.5714285714285714,71875.0,,,
Michael,12063210200,1,0,0,0,,,45673.0,0.5954190869310344,0.987122116931034,0.0402582582086206
Michael,12063210400,1,0,0,0,,,50298.0,0.5680370204954955,0.9709350135903548,0.0385446087111817
Michael,12063210500,53,8,3,2,0.375,0.25,47500.0,0.6002299799999998,0.9903500099999994,0.0386199989999999
Michael,12063210600,95,12,7,1,0.5833333333333334,0.08333333333333333,28040.0,0.4951645427447976,0.9799160741343766,0.0306727028005344
Michael,12063210901,1,1,1,0,1.0,0.0,44239.0,,,
Michael,12063210902,3,1,1,0,1.0,0.0,49287.0,,,
Michael,12063211000,10,3,2,0,0.6666666666666666,0.0,39865.0,0.559939398448641,0.9840520523053492,0.037688410126975
Michael,12063211100,1,0,0,0,,,46516.0,0.5238664116356194,0.9314234391306369,0.0327111786615028
Michael,12077950202,3,1,1,0,1.0,0.0,41310.0,,,
Michael,12133970103,2,0,0,0,,,53737.0,0.5989400099999997,0.9870100000000006,0.052409999
Michael,13087970200,3,1,1,0,1.0,0.0,62328.0,0.4331751970687237,0.925813816305824,0.0343586212450875
Michael,13087970301,5,0,0,0,,,37655.0,,,
Michael,13087970302,5,1,1,0,1.0,0.0,45741.0,,,
Michael,13087970400,2,0,0,0,,,46473.0,0.4182272859567008,0.9961384014432988,0.0260819885956701
Michael,13087970600,7,1,0,1,0.0,1.0,53512.0,0.43504,0.9958000199999996,0.02148
Michael,13201950200,1,1,0,0,0.0,0.0,22411.0,0.4859800000000002,0.9977600000000004,0.0280799999999999
Michael,13253200200,5,2,1,1,0.5,0.5,37285.0,0.4879100000000007,0.9967941692594852,0.0505963498965728
