disaster,quantity,x,y
Harvey,departure_time,0.0,0.013397448910320863
Harvey,departure_time,1.0,0.010650800060885228
Harvey,departure_time,2.0,0.01083099873985654
Harvey,departure_time,3.0,0.01017046333284607
Harvey,departure_time,4.0,0.012313995602339428
Harvey,departure_time,5.0,0.02049455635962266
Harvey,departure_time,6.0,0.037318216934143854
Harvey,departure_time,7.0,0.05895878431574868
Harvey,departure_time,8.0,0.057669007330369754
Harvey,departure_time,9.0,0.054944810780783025
Harvey,departure_time,10.0,0.05761231540231714
Harvey,departure_time,11.0,0.06374974475157899
Harvey,departure_time,12.0,0.06893645730272725
Harvey,departure_time,13.0,0.06749931599731909
Harvey,departure_time,14.0,0.06704926844914048
Harvey,departure_time,15.0,0.0695695946055073
Harvey,departure_time,16.0,0.06133825623488906
Harvey,departure_time,17.0,0.05700203411744722
Harvey,departure_time,18.0,0.0444031292069216
Harvey,departure_time,19.0,0.0457287844408703
Harvey,departure_time,20.0,0.037994980568182395
Harvey,departure_time,21.0,0.030815457845408994
Harvey,departure_time,22.0,0.023835130233550817
Harvey,departure_time,23.0,0.017716448477223277
Harvey,stay_duration,0.25,0.9158218011145128
Harvey,stay_duration,0.75,0.03532599331140461
Harvey,stay_duration,1.25,0.016518496548625087
Harvey,stay_duration,1.75,0.008729858762977818
Harvey,stay_duration,2.25,0.005605262032495723
Harvey,stay_duration,2.75,0.0037870766949072722
Harvey,stay_duration,3.25,0.002751304271665312
Harvey,stay_duration,3.75,0.002073317544158717
Harvey,stay_duration,4.25,0.0016393125277502495
Harvey,stay_duration,4.75,0.0012566609732969733
Harvey,stay_duration,5.25,0.0009955039991959354
Harvey,stay_duration,5.75,0.0007799081606613029
Harvey,stay_duration,6.25,0.0006330668088835974
Harvey,stay_duration,6.75,0.0005220414310011275
Harvey,stay_duration,7.25,0.0004595668626837028
Harvey,stay_duration,7.75,0.0004160375833067216
Harvey,stay_duration,8.25,0.0003851122244736047
Harvey,stay_duration,8.75,0.0003378518640071679
Harvey,stay_duration,9.25,0.00028678160620198174
Harvey,stay_duration,9.75,0.00023806648479518798
Harvey,stay_duration,10.25,0.00020892183884866047
Harvey,stay_duration,10.75,0.00019120822078701335
Harvey,stay_duration,11.25,0.00016608453942310708
Harvey,stay_duration,11.75,0.0001488905742593469
Harvey,stay_duration,12.25,0.00012667641477615463
Harvey,stay_duration,12.75,0.00010699506221942409
Harvey,stay_duration,13.25,8.778927889572118e-05
Harvey,stay_duration,13.75,7.052184095719551e-05
Harvey,stay_duration,14.25,5.730742844846148e-05
Harvey,stay_duration,14.75,4.733516910983436e-05
Harvey,stay_duration,15.25,3.9735412461816985e-05
Harvey,stay_duration,15.75,3.2527065323004935e-05
Harvey,stay_duration,16.25,2.750553513494072e-05
Harvey,stay_duration,16.75,2.3014344793820238e-05
Harvey,stay_duration,17.25,1.8949296546339684e-05
Harvey,stay_duration,17.75,1.616133871114681e-05
Harvey,stay_duration,18.25,1.3942460913228572e-05
Harvey,stay_duration,18.75,1.1396295300445813e-05
Harvey,stay_duration,19.25,9.813290971407214e-06
Harvey,stay_duration,19.75,8.220935561943914e-06
Harvey,stay_duration,20.25,6.173048948934486e-06
Harvey,stay_duration,20.75,4.185276424369562e-06
Harvey,stay_duration,21.25,3.2568477250600035e-06
Harvey,stay_duration,21.75,2.8253621568916767e-06
Harvey,stay_duration,22.25,2.4259374358937518e-06
Harvey,stay_duration,22.75,2.3163962080615448e-06
Harvey,stay_duration,23.25,2.0906344092366307e-06
Harvey,stay_duration,23.75,7.093462436451443e-07
Harvey,location_rank,1.0,0.1275541959234887
Harvey,location_rank,2.0,0.05431191909476635
Harvey,location_rank,3.0,0.0187819901107862
Harvey,location_rank,4.0,0.010968086926359744
Harvey,location_rank,5.0,0.007995516705184292
Harvey,location_rank,6.0,0.006024504475651219
Harvey,location_rank,7.0,0.004842624011234218
Harvey,location_rank,8.0,0.003979045764240799
Harvey,location_rank,9.0,0.0033143616496833267
Harvey,location_rank,10.0,0.002799488496749204
Harvey,location_rank,11.0,0.0024349673975164283
Harvey,location_rank,12.0,0.0021336586271480315
Harvey,location_rank,13.0,0.0018769899561584676
Harvey,location_rank,14.0,0.0016743605454802002
Harvey,location_rank,15.0,0.0015093298358748865
Harvey,location_rank,16.0,0.0013550890741041292
Harvey,location_rank,17.0,0.0012374575958946068
Harvey,location_rank,18.0,0.0011243512537326078
Harvey,location_rank,19.0,0.001038952042717958
Harvey,location_rank,20.0,0.0009585314715498249
Harvey,location_rank,21.0,0.0008895828404991405
Harvey,location_rank,22.0,0.0008346994332590631
Harvey,location_rank,23.0,0.0007796143621294667
Harvey,location_rank,24.0,0.0007261992560418026
Harvey,location_rank,25.0,0.0006847228723695167
Harvey,location_rank,26.0,0.0006458007385162159
Harvey,location_rank,27.0,0.000609880229754849
Harvey,location_rank,28.0,0.0005807652394108503
Harvey,location_rank,29.0,0.0005514623246028601
Harvey,location_rank,30.0,0.0005253119399073979
Harvey,location_rank,31.0,0.0004954722614464585
Harvey,location_rank,32.0,0.00047631644477741386
Harvey,location_rank,33.0,0.00045760888223882754
Harvey,location_rank,34.0,0.0004414549306234924
Harvey,location_rank,35.0,0.0004169951440301223
Harvey,location_rank,36.0,0.0004006303068220065
Harvey,location_rank,37.0,0.0003914995479156389
Harvey,location_rank,38.0,0.0003712939470703512
Harvey,location_rank,39.0,0.00036112861786767245
Harvey,location_rank,40.0,0.00034503147349161363
Harvey,location_rank,41.0,0.00033786585190482085
Harvey,location_rank,42.0,0.0003240331563534078
Harvey,location_rank,43.0,0.0003040605785212102
Harvey,location_rank,44.0,0.0003091167464670148
Harvey,location_rank,45.0,0.00029118498135654214
Harvey,location_rank,46.0,0.000282405362026779
Harvey,location_rank,47.0,0.0002759620835791958
Harvey,location_rank,48.0,0.0002573445081058552
Harvey,location_rank,49.0,0.0002581931108044344
Harvey,location_rank,50.0,0.0002494761627716664
Harvey,location_rank,51.0,0.00024758746139489886
Harvey,location_rank,52.0,0.0002390842258094971
Harvey,location_rank,53.0,0.00023537577601444543
Harvey,location_rank,54.0,0.00022436599788333255
Harvey,location_rank,55.0,0.00021647019259229787
Harvey,location_rank,56.0,0.000216636906927407
Harvey,location_rank,57.0,0.00021182363178319153
Harvey,location_rank,58.0,0.00021216154062419715
Harvey,location_rank,59.0,0.00019999971487620662
Harvey,location_rank,60.0,0.00019430147651155682
Harvey,location_rank,61.0,0.0001985011770254003
Harvey,location_rank,62.0,0.0001926011106872284
Harvey,location_rank,63.0,0.00019245600264458152
Harvey,location_rank,64.0,0.00018365764327763482
Harvey,location_rank,65.0,0.0001788429928010567
Harvey,location_rank,66.0,0.00017217037603226164
Harvey,location_rank,67.0,0.00017438409444532656
Harvey,location_rank,68.0,0.00017818885795625194
Harvey,location_rank,69.0,0.00016533749447351342
Harvey,location_rank,70.0,0.00015469426111009078
Harvey,location_rank,71.0,0.00016558980261069153
Harvey,location_rank,72.0,0.0001496542929085536
Harvey,location_rank,73.0,0.00015069533962005073
Harvey,location_rank,74.0,0.0001448408700846579
Harvey,location_rank,75.0,0.00014629984430649865
Harvey,location_rank,76.0,0.0001423889714412521
Harvey,location_rank,77.0,0.00014580308342911243
Harvey,location_rank,78.0,0.00014459490766897953
Harvey,location_rank,79.0,0.00014066664652339833
Harvey,location_rank,80.0,0.0001321806570713541
Harvey,location_rank,81.0,0.00013615600996396698
Harvey,location_rank,82.0,0.00012422381791850462
Harvey,location_rank,83.0,0.00012294551193893402
Harvey,location_rank,84.0,0.00012730971939684102
Harvey,location_rank,85.0,0.000129674440496077
Harvey,location_rank,86.0,0.0001107875769932681
Harvey,location_rank,87.0,9.209148499723597e-05
Harvey,location_rank,88.0,0.00011057626988003018
Harvey,location_rank,89.0,0.00011888503033265514
Harvey,location_rank,90.0,0.00011998492054918887
Harvey,location_rank,91.0,0.00011733897969853152
Harvey,location_rank,92.0,0.00012629674333904383
Harvey,location_rank,93.0,0.0001336819258943926
Harvey,location_rank,94.0,0.00010153381047831454
Harvey,location_rank,95.0,0.000107653231998636
Harvey,location_rank,96.0,0.00011636132776876595
Harvey,location_rank,97.0,0.000112752125888961
Harvey,location_rank,98.0,8.893910431915883e-05
Harvey,location_rank,99.0,8.087265401352447e-05
Harvey,location_rank,100.0,9.768126936639485e-05
Harvey,location_rank,101.0,0.00010010470940104625
Harvey,location_rank,102.0,0.0001267583331336308
Harvey,location_rank,103.0,9.388076672275675e-05
Harvey,location_rank,104.0,7.547018671900593e-05
Harvey,location_rank,105.0,0.00010442084787778828
Harvey,location_rank,106.0,0.00012494524036726968
Harvey,location_rank,107.0,8.742527100944616e-05
Harvey,location_rank,108.0,8.413176821981456e-05
Harvey,location_rank,109.0,0.0001008775629517277
Harvey,location_rank,110.0,7.07913433641314e-05
Harvey,location_rank,111.0,8.704866895017373e-05
Harvey,location_rank,112.0,8.8634402490755e-05
Harvey,location_rank,113.0,6.789242973993222e-05
Harvey,location_rank,114.0,7.572225175428005e-05
Harvey,location_rank,115.0,6.0773895295139615e-05
Harvey,location_rank,116.0,5.743639008698859e-05
Harvey,location_rank,117.0,0.00011173721458355987
Harvey,location_rank,118.0,0.00010769463330407107
Harvey,location_rank,119.0,6.661150712350557e-05
Harvey,location_rank,120.0,3.912353774082518e-05
Harvey,location_rank,121.0,7.472814906114261e-05
Harvey,location_rank,122.0,0.00010984596864351323
Harvey,location_rank,123.0,8.159554138202452e-05
Harvey,location_rank,124.0,5.1294862263210845e-05
Harvey,location_rank,125.0,0.00022260580897939846
Harvey,location_rank,126.0,0.00015719734782194503
Harvey,location_rank,127.0,8.219389470651381e-05
Harvey,location_rank,128.0,8.356875095022293e-05
Harvey,location_rank,129.0,5.2439057874159563e-05
Harvey,location_rank,130.0,0.00015280200439096893
Harvey,location_rank,131.0,8.315414910929176e-05
Harvey,location_rank,132.0,5.738207660285784e-05
Harvey,location_rank,133.0,0.00019127633257173555
Harvey,location_rank,134.0,0.0001474655642588724
Harvey,location_rank,135.0,0.00010939054442761561
Harvey,location_rank,136.0,6.581515138804603e-05
Harvey,location_rank,137.0,3.379583632715153e-05
Harvey,location_rank,138.0,0.00048334119359708767
Harvey,location_rank,139.0,0.000437350104748907
Harvey,location_rank,140.0,0.0003555017063127104
Harvey,location_rank,141.0,0.00029242187047206553
Harvey,location_rank,142.0,0.00020745813720876948
Harvey,location_rank,143.0,0.00014858256216680383
Harvey,location_rank,144.0,0.00010282778918915952
Harvey,location_rank,145.0,5.690582470286386e-05
Harvey,location_rank,146.0,2.5618385567095193e-05
Harvey,location_rank,147.0,0.00034045836518356955
Harvey,location_rank,148.0,0.0003222669916101368
Harvey,location_rank,149.0,0.00030515503145062015
Harvey,location_rank,150.0,0.0002649954196306298
Harvey,location_rank,151.0,0.00026166804638175635
Harvey,location_rank,152.0,0.00021842448027639208
Harvey,location_rank,153.0,0.0001985406298640429
Harvey,location_rank,154.0,0.00017228748263805834
Harvey,location_rank,155.0,0.00014442341122804058
Harvey,location_rank,156.0,0.00012465148606329
Harvey,location_rank,157.0,8.935956564492282e-05
Harvey,location_rank,158.0,6.31035537945181e-05
Harvey,location_rank,159.0,3.440735887506354e-05
Harvey,location_rank,160.0,6.703361296491101e-05
Harvey,location_rank,161.0,4.3120494689792155e-05
Harvey,location_rank,162.0,3.508056203845256e-05
Harvey,location_rank,163.0,0.00011779812786397977
Harvey,location_rank,164.0,9.368557932155452e-05
Harvey,location_rank,165.0,5.7856774033439153e-05
Harvey,location_rank,166.0,2.941582803511603e-05
Harvey,location_rank,167.0,0.00029079521306341576
Harvey,location_rank,168.0,0.00026842635052007607
Harvey,location_rank,169.0,0.0002460574879767364
Harvey,location_rank,170.0,0.00022368862543339677
Harvey,location_rank,171.0,0.00020131976289005691
Harvey,location_rank,172.0,0.00017895090034671752
Harvey,location_rank,173.0,0.00015658203780337753
Harvey,location_rank,174.0,0.0001342131752600383
Harvey,location_rank,175.0,0.00011184431271669829
Harvey,location_rank,176.0,8.947545017335888e-05
Harvey,location_rank,177.0,6.71065876300188e-05
Harvey,location_rank,178.0,4.473772508667871e-05
Harvey,location_rank,179.0,2.236886254333959e-05
Irma,departure_time,0.0,0.013656949660379282
Irma,departure_time,1.0,0.010839649780057825
Irma,departure_time,2.0,0.009313924704394435
Irma,departure_time,3.0,0.00974947368569932
Irma,departure_time,4.0,0.011024362714669503
Irma,departure_time,5.0,0.01705389791600917
Irma,departure_time,6.0,0.03383596452091766
Irma,departure_time,7.0,0.055911831148962046
Irma,departure_time,8.0,0.061488834053143655
Irma,departure_time,9.0,0.057447723794831866
Irma,departure_time,10.0,0.05891346615708065
Irma,departure_time,11.0,0.06318112764896705
Irma,departure_time,12.0,0.0673212482030252
Irma,departure_time,13.0,0.06683376531575373
Irma,departure_time,14.0,0.06752436711065246
Irma,departure_time,15.0,0.07032343954205751
Irma,departure_time,16.0,0.07169594111995106
Irma,departure_time,17.0,0.06317357428049193
Irma,departure_time,18.0,0.047522229499070555
Irma,departure_time,19.0,0.03449673341654595
Irma,departure_time,20.0,0.03654045792917755
Irma,departure_time,21.0,0.0302663211855383
Irma,departure_time,22.0,0.023828335300459014
Irma,departure_time,23.0,0.01805638131216428
Irma,stay_duration,0.25,0.9186592819140977
Irma,stay_duration,0.75,0.035041419085548337
Irma,stay_duration,1.25,0.016177756631242775
Irma,stay_duration,1.75,0.00851516147932521
Irma,stay_duration,2.25,0.005369894218253554
Irma,stay_duration,2.75,0.003578427963627098
Irma,stay_duration,3.25,0.0025691806390117406
Irma,stay_duration,3.75,0.0019023845224658221
Irma,stay_duration,4.25,0.0014731608914784818
Irma,stay_duration,4.75,0.001112384853433611
Irma,stay_duration,5.25,0.0008695271048344172
Irma,stay_duration,5.75,0.0006818183179991387
Irma,stay_duration,6.25,0.0005604070671174831
Irma,stay_duration,6.75,0.0004801976050409461
Irma,stay_duration,7.25,0.0004275529309664989
Irma,stay_duration,7.75,0.0003678377416139759
Irma,stay_duration,8.25,0.00034625257931939136
Irma,stay_duration,8.75,0.00031407221815845786
Irma,stay_duration,9.25,0.00025784999024191347
Irma,stay_duration,9.75,0.00020587853073282647
Irma,stay_duration,10.25,0.00017547637244217677
Irma,stay_duration,10.75,0.0001528567155144341
Irma,stay_duration,11.25,0.000128231513624964
Irma,stay_duration,11.75,0.00010971458839397123
Irma,stay_duration,12.25,8.983889763969916e-05
Irma,stay_duration,12.75,7.621599557102359e-05
Irma,stay_duration,13.25,6.263362736361316e-05
Irma,stay_duration,13.75,5.171768229073134e-05
Irma,stay_duration,14.25,4.143089323835627e-05
Irma,stay_duration,14.75,3.4016721310423785e-05
Irma,stay_duration,15.25,2.8266200036156205e-05
Irma,stay_duration,15.75,2.265137908003714e-05
Irma,stay_duration,16.25,1.9401620811649334e-05
Irma,stay_duration,16.75,1.614481317608498e-05
Irma,stay_duration,17.25,1.3665198271734846e-05
Irma,stay_duration,17.75,1.1812977046097328e-05
Irma,stay_duration,18.25,1.0124653607314508e-05
Irma,stay_duration,18.75,8.709493146622854e-06
Irma,stay_duration,19.25,7.650325728346784e-06
Irma,stay_duration,19.75,6.881944706103247e-06
Irma,stay_duration,20.25,5.466784245411593e-06
Irma,stay_duration,20.75,3.854241503776646e-06
Irma,stay_duration,21.25,2.966021239531822e-06
Irma,stay_duration,21.75,2.493713638703225e-06
Irma,stay_duration,22.25,2.328053510054389e-06
Irma,stay_duration,22.75,2.3051430667306137e-06
Irma,stay_duration,23.25,1.9932085691684434e-06
Irma,stay_duration,23.75,7.04936717654622e-07
Irma,location_rank,1.0,0.12584995974990812
Irma,location_rank,2.0,0.0517395811811432
Irma,location_rank,3.0,0.01863739664247857
Irma,location_rank,4.0,0.011330066762090977
Irma,location_rank,5.0,0.00799370127319978
Irma,location_rank,6.0,0.006076784905556196
Irma,location_rank,7.0,0.004897650570889358
Irma,location_rank,8.0,0.003993735371244359
Irma,location_rank,9.0,0.003396698559921739
Irma,location_rank,10.0,0.0028800017721433892
Irma,location_rank,11.0,0.0025123425989163318
Irma,location_rank,12.0,0.0021995315794895005
Irma,location_rank,13.0,0.001954469152040532
Irma,location_rank,14.0,0.0017460890794087699
Irma,location_rank,15.0,0.0015817723028832692
Irma,location_rank,16.0,0.0014239680934159064
Irma,location_rank,17.0,0.0013112370695299244
Irma,location_rank,18.0,0.0011804364245019815
Irma,location_rank,19.0,0.0010882465300677893
Irma,location_rank,20.0,0.0010071900787589352
Irma,location_rank,21.0,0.0009436336806837803
Irma,location_rank,22.0,0.000870737569708078
Irma,location_rank,23.0,0.0008091961736220972
Irma,location_rank,24.0,0.0007519923603784892
Irma,location_rank,25.0,0.0007108222040640945
Irma,location_rank,26.0,0.0006667381898890072
Irma,location_rank,27.0,0.0006348139849692031
Irma,location_rank,28.0,0.00059619616532847
Irma,location_rank,29.0,0.0005706005536564299
Irma,location_rank,30.0,0.0005421694564105188
Irma,location_rank,31.0,0.0005207638679728851
Irma,location_rank,32.0,0.0004941036087377463
Irma,location_rank,33.0,0.00046643491209699255
Irma,location_rank,34.0,0.00044615461651238063
Irma,location_rank,35.0,0.0004276709116725094
Irma,location_rank,36.0,0.0004128851300163724
Irma,location_rank,37.0,0.00039824906418979415
Irma,location_rank,38.0,0.0003880309382318718
Irma,location_rank,39.0,0.0003712081666218366
Irma,location_rank,40.0,0.0003577772733536324
Irma,location_rank,41.0,0.000340482761551929
Irma,location_rank,42.0,0.00033472123413575035
Irma,location_rank,43.0,0.0003229738958787553
Irma,location_rank,44.0,0.00031263505364504854
Irma,location_rank,45.0,0.00030090228839122006
Irma,location_rank,46.0,0.00028776773060243437
Irma,location_rank,47.0,0.0002852390711070811
Irma,location_rank,48.0,0.00027619104488678804
Irma,location_rank,49.0,0.0002644311254503169
Irma,location_rank,50.0,0.0002644857673509973
Irma,location_rank,51.0,0.0002613033809670344
Irma,location_rank,52.0,0.0002523538015491993
Irma,location_rank,53.0,0.00023701769402467455
Irma,location_rank,54.0,0.00023362489375306145
Irma,location_rank,55.0,0.0002299171446742626
Irma,location_rank,56.0,0.0002237890187120913
Irma,location_rank,57.0,0.00022558019222943025
Irma,location_rank,58.0,0.00021635094142641244
Irma,location_rank,59.0,0.00021538103670124583
Irma,location_rank,60.0,0.00019943289141325743
Irma,location_rank,61.0,0.00021231882575925272
Irma,location_rank,62.0,0.00019745578488948595
Irma,location_rank,63.0,0.0001895753349058782
Irma,location_rank,64.0,0.00018270741023217922
Irma,location_rank,65.0,0.00018351036839890682
Irma,location_rank,66.0,0.00017283510151880766
Irma,location_rank,67.0,0.00016576533646289423
Irma,location_rank,68.0,0.00017257682028383426
Irma,location_rank,69.0,0.0001669041044409757
Irma,location_rank,70.0,0.00016354836638574847
Irma,location_rank,71.0,0.0001546593954362041
Irma,location_rank,72.0,0.0001630121209344813
Irma,location_rank,73.0,0.00015729685436334493
Irma,location_rank,74.0,0.0001537144506402657
Irma,location_rank,75.0,0.000156749151939656
Irma,location_rank,76.0,0.00013936353206292184
Irma,location_rank,77.0,0.00013080077277565486
Irma,location_rank,78.0,0.0001433791218048577
Irma,location_rank,79.0,0.00012877311949527443
Irma,location_rank,80.0,0.0001247133241150611
Irma,location_rank,81.0,0.00015047952914572197
Irma,location_rank,82.0,0.00014909040364567667
Irma,location_rank,83.0,0.00012360260008345008
Irma,location_rank,84.0,0.0001491679269996905
Irma,location_rank,85.0,0.00012706655726671073
Irma,location_rank,86.0,0.00010369024543685169
Irma,location_rank,87.0,0.00011861427452763957
Irma,location_rank,88.0,0.00012111967623903266
Irma,location_rank,89.0,0.00012330602772824746
Irma,location_rank,90.0,0.00012256499786359425
Irma,location_rank,91.0,0.00012184432883341156
Irma,location_rank,92.0,0.00010414473755338828
Irma,location_rank,93.0,0.0001023232986411215
Irma,location_rank,94.0,0.0001223584972181007
Irma,location_rank,95.0,0.0001069584744453697
Irma,location_rank,96.0,8.470660087198647e-05
Irma,location_rank,97.0,8.230115511903433e-05
Irma,location_rank,98.0,0.00020473335147802135
Irma,location_rank,99.0,0.00015452200437580965
Irma,location_rank,100.0,0.00014128801225897717
Irma,location_rank,101.0,0.0001554405868941024
Irma,location_rank,102.0,0.00018979472764548384
Irma,location_rank,103.0,0.00010094493001060165
Irma,location_rank,104.0,9.027416459756045e-05
Irma,location_rank,105.0,0.00014220571913939052
Irma,location_rank,106.0,0.000143372358518911
Irma,location_rank,107.0,9.930997372155209e-05
Irma,location_rank,108.0,0.00014250252130729987
Irma,location_rank,109.0,9.172781625629979e-05
Irma,location_rank,110.0,7.996758956840392e-05
Irma,location_rank,111.0,7.108020182060465e-05
Irma,location_rank,112.0,6.165305142739408e-05
Irma,location_rank,113.0,0.0002353647496733612
Irma,location_rank,114.0,0.0001895840457755934
Irma,location_rank,115.0,0.0001245838726981845
Irma,location_rank,116.0,8.57791021054085e-05
Irma,location_rank,117.0,8.730614573793743e-05
Irma,location_rank,118.0,4.1608325227075656e-05
Irma,location_rank,119.0,0.00012941971548705445
Irma,location_rank,120.0,0.00011233010507126247
Irma,location_rank,121.0,5.740261590791739e-05
Irma,location_rank,122.0,0.0003357743499870178
Irma,location_rank,123.0,0.0003200318030514096
Irma,location_rank,124.0,0.0002452389684802352
Irma,location_rank,125.0,0.00021289690299610133
Irma,location_rank,126.0,0.00018145786560627662
Irma,location_rank,127.0,0.00013995431983358794
Irma,location_rank,128.0,8.570132441045293e-05
Irma,location_rank,129.0,4.890427752314473e-05
Irma,location_rank,130.0,0.0002428767635370802
Irma,location_rank,131.0,0.00021805023092622737
Irma,location_rank,132.0,0.00015095953795950668
Irma,location_rank,133.0,0.00016886187603080933
Irma,location_rank,134.0,0.00010940656616033562
Irma,location_rank,135.0,7.357695500750331e-05
Irma,location_rank,136.0,4.885896242729265e-05
Irma,location_rank,137.0,2.5263198164869962e-05
Irma,location_rank,138.0,0.0010485582324304083
Irma,location_rank,139.0,0.0009986268880289601
Irma,location_rank,140.0,0.0009736612158282362
Irma,location_rank,141.0,0.0009237298714267881
Irma,location_rank,142.0,0.0008737985270253401
Irma,location_rank,143.0,0.0008488328548246161
Irma,location_rank,144.0,0.0008238671826238923
Irma,location_rank,145.0,0.0007989015104231681
Irma,location_rank,146.0,0.0007739358382224442
Irma,location_rank,147.0,0.0007489701660217201
Irma,location_rank,148.0,0.0007240044938209961
Irma,location_rank,149.0,0.0006990388216202722
Irma,location_rank,150.0,0.0006740731494195481
Irma,location_rank,151.0,0.0006491074772188241
Irma,location_rank,152.0,0.0006241418050181
Irma,location_rank,153.0,0.000599176132817376
Irma,location_rank,154.0,0.0005742104606166522
Irma,location_rank,155.0,0.0005492447884159281
Irma,location_rank,156.0,0.0005242791162152041
Irma,location_rank,157.0,0.0004993134440144801
Irma,location_rank,158.0,0.0004743477718137561
Irma,location_rank,159.0,0.00044938209961303203
Irma,location_rank,160.0,0.00042441642741230807
Irma,location_rank,161.0,0.0003994507552115841
Irma,location_rank,162.0,0.00037448508301086015
Irma,location_rank,163.0,0.00034951941081013614
Irma,location_rank,164.0,0.00032455373860941207
Irma,location_rank,165.0,0.0002995880664086881
Irma,location_rank,166.0,0.00027462239420796415
Irma,location_rank,167.0,0.0002496567220072399
Irma,location_rank,168.0,0.0002246910498065159
Irma,location_rank,169.0,0.00019972537760579187
Irma,location_rank,170.0,0.0001747597054050679
Irma,location_rank,171.0,0.0001497940332043439
Irma,location_rank,172.0,0.00012482836100361985
Irma,location_rank,173.0,9.986268880289588e-05
Irma,location_rank,174.0,7.489701660217192e-05
Irma,location_rank,175.0,4.993134440144793e-05
Irma,location_rank,176.0,2.4965672200723963e-05
Imelda,departure_time,0.0,0.015194936871033213
Imelda,departure_time,1.0,0.011571211445269304
Imelda,departure_time,2.0,0.010144713510708737
Imelda,departure_time,3.0,0.009711093931963908
Imelda,departure_time,4.0,0.012829116897834543
Imelda,departure_time,5.0,0.02298707795158771
Imelda,departure_time,6.0,0.04357620313948474
Imelda,departure_time,7.0,0.06972104293677173
Imelda,departure_time,8.0,0.06381191012408884
Imelda,departure_time,9.0,0.059940545626705345
Imelda,departure_time,10.0,0.062273674163021354
Imelda,departure_time,11.0,0.06956329594331788
Imelda,departure_time,12.0,0.07514189130912835
Imelda,departure_time,13.0,0.07316519166772735
Imelda,departure_time,14.0,0.06080563018379796
Imelda,departure_time,15.0,0.033619051092689096
Imelda,departure_time,16.0,0.03021546608858188
Imelda,departure_time,17.0,0.02745461063063939
Imelda,departure_time,18.0,0.03700221613398471
Imelda,departure_time,19.0,0.06360494475892028
Imelda,departure_time,20.0,0.05287815545289893
Imelda,departure_time,21.0,0.04193424266568401
Imelda,departure_time,22.0,0.031009503822373583
Imelda,departure_time,23.0,0.02184427365178717
Imelda,stay_duration,0.25,0.8627596007597202
Imelda,stay_duration,0.75,0.04521066282141118
Imelda,stay_duration,1.25,0.023268710358953084
Imelda,stay_duration,1.75,0.012824978340635044
Imelda,stay_duration,2.25,0.009620754654551979
Imelda,stay_duration,2.75,0.006887814123616133
Imelda,stay_duration,3.25,0.005537017947252917
Imelda,stay_duration,3.75,0.004387566865221565
Imelda,stay_duration,4.25,0.003969254167317235
Imelda,stay_duration,4.75,0.003052803773817237
Imelda,stay_duration,5.25,0.002682272598826674
Imelda,stay_duration,5.75,0.002180091041885051
Imelda,stay_duration,6.25,0.0019711306964164906
Imelda,stay_duration,6.75,0.001643561421837577
Imelda,stay_duration,7.25,0.0014688356637738334
Imelda,stay_duration,7.75,0.0012739669371791896
Imelda,stay_duration,8.25,0.00121569200671158
Imelda,stay_duration,8.75,0.001094497894812205
Imelda,stay_duration,9.25,0.001055685078669289
Imelda,stay_duration,9.75,0.000976243835166905
Imelda,stay_duration,10.25,0.0009599569772766126
Imelda,stay_duration,10.75,0.000900103702967342
Imelda,stay_duration,11.25,0.0008446656650255941
Imelda,stay_duration,11.75,0.0007438662313939593
Imelda,stay_duration,12.25,0.0006371268606118111
Imelda,stay_duration,12.75,0.0005220996372650184
Imelda,stay_duration,13.25,0.00042993879927395273
Imelda,stay_duration,13.75,0.0003472665930839329
Imelda,stay_duration,14.25,0.0002896642640442732
Imelda,stay_duration,14.75,0.00024241298213352114
Imelda,stay_duration,15.25,0.00020258301107042325
Imelda,stay_duration,15.75,0.00017141845717723008
Imelda,stay_duration,16.25,0.0001426327666166322
Imelda,stay_duration,16.75,0.00011773000822597735
Imelda,stay_duration,17.25,9.856499391853802e-05
Imelda,stay_duration,17.75,7.969089004465976e-05
Imelda,stay_duration,18.25,6.4177730115966e-05
Imelda,stay_duration,18.75,5.0948526569911414e-05
Imelda,stay_duration,19.25,3.835891333877837e-05
Imelda,stay_duration,19.75,1.5667899521013496e-05
Imelda,stay_duration,20.25,6.5217580176354564e-06
Imelda,stay_duration,20.75,5.2528933606136895e-06
Imelda,stay_duration,21.25,3.837541889529247e-06
Imelda,stay_duration,21.75,1.6959459318242156e-06
Imelda,stay_duration,22.25,9.346271376111553e-07
Imelda,stay_duration,22.75,8.479729659121078e-07
Imelda,stay_duration,23.25,6.457798986143303e-07
Imelda,stay_duration,23.75,2.4758334771156434e-07
Imelda,location_rank,1.0,0.12067608115737344
Imelda,location_rank,2.0,0.04818635600777801
Imelda,location_rank,3.0,0.017922878876419798
Imelda,location_rank,4.0,0.010152405949096967
Imelda,location_rank,5.0,0.0072133077847258715
Imelda,location_rank,6.0,0.005652288729050571
Imelda,location_rank,7.0,0.004614918183425794
Imelda,location_rank,8.0,0.003909416390064099
Imelda,location_rank,9.0,0.003318479007265795
Imelda,location_rank,10.0,0.002826475708945219
Imelda,location_rank,11.0,0.00249399906391517
Imelda,location_rank,12.0,0.002198468283738702
Imelda,location_rank,13.0,0.0019771160053252096
Imelda,location_rank,14.0,0.0017725310278786871
Imelda,location_rank,15.0,0.001604345056971709
Imelda,location_rank,16.0,0.0014504115304706823
Imelda,location_rank,17.0,0.0013368644342553933
Imelda,location_rank,18.0,0.0012180346018306081
Imelda,location_rank,19.0,0.0011376924180835834
Imelda,location_rank,20.0,0.0010454527785847007
Imelda,location_rank,21.0,0.0009678883616422783
Imelda,location_rank,22.0,0.0008987509671772808
Imelda,location_rank,23.0,0.0008393825613426433
Imelda,location_rank,24.0,0.0007825713746210214
Imelda,location_rank,25.0,0.0007401529857040913
Imelda,location_rank,26.0,0.0006973133375007247
Imelda,location_rank,27.0,0.000652951876621989
Imelda,location_rank,28.0,0.0006210511339217357
Imelda,location_rank,29.0,0.000594879425140456
Imelda,location_rank,30.0,0.000569554161373319
Imelda,location_rank,31.0,0.0005333344029677028
Imelda,location_rank,32.0,0.0005124330229141172
Imelda,location_rank,33.0,0.00047888232421669177
Imelda,location_rank,34.0,0.00046285488611843634
Imelda,location_rank,35.0,0.0004392947999752393
Imelda,location_rank,36.0,0.0004206317167196489
Imelda,location_rank,37.0,0.0004073275467521013
Imelda,location_rank,38.0,0.0003910571447452084
Imelda,location_rank,39.0,0.00037502608866274705
Imelda,location_rank,40.0,0.00035716111509281526
Imelda,location_rank,41.0,0.00034222600564555835
Imelda,location_rank,42.0,0.00032910402984421053
Imelda,location_rank,43.0,0.00032176288101642877
Imelda,location_rank,44.0,0.00030789786431647447
Imelda,location_rank,45.0,0.0003046669230917078
Imelda,location_rank,46.0,0.0002928956080748173
Imelda,location_rank,47.0,0.00028265671855069307
Imelda,location_rank,48.0,0.0002772152085054846
Imelda,location_rank,49.0,0.0002723512545709343
Imelda,location_rank,50.0,0.000255936370818559
Imelda,location_rank,51.0,0.00025112259751338035
Imelda,location_rank,52.0,0.000248977591073001
Imelda,location_rank,53.0,0.00023981077810798478
Imelda,location_rank,54.0,0.00022718834823388598
Imelda,location_rank,55.0,0.00022297179130273715
Imelda,location_rank,56.0,0.00021868218305597247
Imelda,location_rank,57.0,0.0002152711561235516
Imelda,location_rank,58.0,0.0002141592524571046
Imelda,location_rank,59.0,0.0002081087438979348
Imelda,location_rank,60.0,0.00020185068220353523
Imelda,location_rank,61.0,0.0002004429846321845
Imelda,location_rank,62.0,0.00020184507935414636
Imelda,location_rank,63.0,0.00019066193464713178
Imelda,location_rank,64.0,0.00018493016716371745
Imelda,location_rank,65.0,0.00018245378371114962
Imelda,location_rank,66.0,0.00017908091514938932
Imelda,location_rank,67.0,0.00017919254021222874
Imelda,location_rank,68.0,0.00017662207014286586
Imelda,location_rank,69.0,0.00017768320575982475
Imelda,location_rank,70.0,0.00017609689851959246
Imelda,location_rank,71.0,0.0001646043979822537
Imelda,location_rank,72.0,0.00016842605485103808
Imelda,location_rank,73.0,0.000160440536735941
Imelda,location_rank,74.0,0.00015251053713215152
Imelda,location_rank,75.0,0.000142712822028381
Imelda,location_rank,76.0,0.00014702954805673754
Imelda,location_rank,77.0,0.0001507729709242729
Imelda,location_rank,78.0,0.00014573208177982142
Imelda,location_rank,79.0,0.00014492309798591464
Imelda,location_rank,80.0,0.00014760913522730203
Imelda,location_rank,81.0,0.00014041298232966943
Imelda,location_rank,82.0,0.00013700339748906674
Imelda,location_rank,83.0,0.00013309403974139837
Imelda,location_rank,84.0,0.0001414488035813622
Imelda,location_rank,85.0,0.0001277486073191689
Imelda,location_rank,86.0,0.0001277743800992961
Imelda,location_rank,87.0,0.00013702002012802028
Imelda,location_rank,88.0,0.00013162029947078995
Imelda,location_rank,89.0,0.00011686911262049546
Imelda,location_rank,90.0,0.00011562559633957591
Imelda,location_rank,91.0,0.00010780872102979644
Imelda,location_rank,92.0,0.00010546688991557897
Imelda,location_rank,93.0,0.00012740933297660428
Imelda,location_rank,94.0,0.00011930617489753868
Imelda,location_rank,95.0,0.00011455515919716794
Imelda,location_rank,96.0,0.0001108295106711646
Imelda,location_rank,97.0,9.419637339047027e-05
Imelda,location_rank,98.0,9.873235731400356e-05
Imelda,location_rank,99.0,9.910989173113708e-05
Imelda,location_rank,100.0,0.00012319724182238681
Imelda,location_rank,101.0,9.763951196213926e-05
Imelda,location_rank,102.0,0.00010395392119475023
Imelda,location_rank,103.0,0.00011287082432295314
Imelda,location_rank,104.0,9.105710378555183e-05
Imelda,location_rank,105.0,9.413834304044405e-05
Imelda,location_rank,106.0,7.643600319918271e-05
Imelda,location_rank,107.0,8.750073196126719e-05
Imelda,location_rank,108.0,9.083097391183632e-05
Imelda,location_rank,109.0,9.595265723299968e-05
Imelda,location_rank,110.0,8.194234863677121e-05
Imelda,location_rank,111.0,7.635276740746806e-05
Imelda,location_rank,112.0,8.101268247479715e-05
Imelda,location_rank,113.0,9.366429695475048e-05
Imelda,location_rank,114.0,8.808730575655206e-05
Imelda,location_rank,115.0,0.00012041998694002045
Imelda,location_rank,116.0,9.408468745296181e-05
Imelda,location_rank,117.0,8.427723713601591e-05
Imelda,location_rank,118.0,5.950173518709109e-05
Imelda,location_rank,119.0,0.00010193014688743491
Imelda,location_rank,120.0,0.0001491226295469534
Imelda,location_rank,121.0,0.0001000961346277204
Imelda,location_rank,122.0,9.202091173755373e-05
Imelda,location_rank,123.0,6.219719278636809e-05
Imelda,location_rank,124.0,6.635112453804897e-05
Imelda,location_rank,125.0,6.869967006849833e-05
Imelda,location_rank,126.0,4.750435296992494e-05
Imelda,location_rank,127.0,3.32988657351329e-05
Imelda,location_rank,128.0,5.598122022857849e-05
Imelda,location_rank,129.0,0.00018908853483047853
Imelda,location_rank,130.0,0.00015169421525797983
Imelda,location_rank,131.0,0.00010809655584765415
Imelda,location_rank,132.0,6.848618064465739e-05
Imelda,location_rank,133.0,5.153709750414929e-05
Imelda,location_rank,134.0,8.002411578477423e-05
Imelda,location_rank,135.0,5.473778865909083e-05
Imelda,location_rank,136.0,7.76733339633399e-05
Imelda,location_rank,137.0,4.320880133026033e-05
Imelda,location_rank,138.0,2.9445166068550472e-05
Imelda,location_rank,139.0,7.512078929889786e-05
Imelda,location_rank,140.0,4.3184344437815053e-05
Imelda,location_rank,141.0,9.363365930022592e-05
Imelda,location_rank,142.0,5.3036917825369545e-05
Imelda,location_rank,143.0,0.00016348749918955252
Imelda,location_rank,144.0,0.00013250213846812341
Imelda,location_rank,145.0,0.00010068157756293943
Imelda,location_rank,146.0,7.356252626996153e-05
Imelda,location_rank,147.0,4.097464339155322e-05
Imelda,location_rank,148.0,3.8281326717631934e-05
Imelda,location_rank,149.0,6.491995302920002e-05
Imelda,location_rank,150.0,4.24198437246213e-05
Imelda,location_rank,151.0,3.1190847241249235e-05
Imelda,location_rank,152.0,0.00010064576443833717
Imelda,location_rank,153.0,5.677675080813336e-05
Imelda,location_rank,154.0,3.192596008489323e-05
Imelda,location_rank,155.0,0.00043531680250451926
Imelda,location_rank,156.0,0.00038446163046186696
Imelda,location_rank,157.0,0.000362362447736717
Imelda,location_rank,158.0,0.0003618218421366134
Imelda,location_rank,159.0,0.00033592195876470677
Imelda,location_rank,160.0,0.0003175459269342189
Imelda,location_rank,161.0,0.00028700493467734886
Imelda,location_rank,162.0,0.00029220601676422986
Imelda,location_rank,163.0,0.0002611221094708235
Imelda,location_rank,164.0,0.00023281824723713507
Imelda,location_rank,165.0,0.00022353907746308494
Imelda,location_rank,166.0,0.00019273490910989589
Imelda,location_rank,167.0,0.0001688334674379317
Imelda,location_rank,168.0,0.00015559878986742755
Imelda,location_rank,169.0,0.000129269510063046
Imelda,location_rank,170.0,0.00010488926783562087
Imelda,location_rank,171.0,8.192728198910401e-05
Imelda,location_rank,172.0,5.4887050634478427e-05
Imelda,location_rank,173.0,3.0089692459865055e-05
Imelda,location_rank,174.0,0.00014918622171743978
Imelda,location_rank,175.0,0.00013285730956652625
Imelda,location_rank,176.0,0.00011197515833361465
Imelda,location_rank,177.0,8.940872894924842e-05
Imelda,location_rank,178.0,7.39363144480422e-05
Imelda,location_rank,179.0,4.4485946750565835e-05
Imelda,location_rank,180.0,2.39025944585358e-05
Imelda,location_rank,181.0,5.778399553757838e-05
Imelda,location_rank,182.0,3.1210559928870144e-05
Imelda,location_rank,183.0,6.0940680341755334e-05
Imelda,location_rank,184.0,4.875254427340428e-05
Imelda,location_rank,185.0,3.656440820505272e-05
Imelda,location_rank,186.0,2.437627213670176e-05
Imelda,location_rank,187.0,1.2188136068350857e-05
Michael & Florence,departure_time,0.0,0.015128072150099486
Michael & Florence,departure_time,1.0,0.01144354055472604
Michael & Florence,departure_time,2.0,0.009731463091576091
Michael & Florence,departure_time,3.0,0.009293378685672008
Michael & Florence,departure_time,4.0,0.010848310968211317
Michael & Florence,departure_time,5.0,0.01803657872010345
Michael & Florence,departure_time,6.0,0.037613708925323966
Michael & Florence,departure_time,7.0,0.0637733651285913
Michael & Florence,departure_time,8.0,0.06552963351762471
Michael & Florence,departure_time,9.0,0.06049139700938654
Michael & Florence,departure_time,10.0,0.06189353005367952
Michael & Florence,departure_time,11.0,0.0668359588326779
Michael & Florence,departure_time,12.0,0.07245192606640485
Michael & Florence,departure_time,13.0,0.07152369914921311
Michael & Florence,departure_time,14.0,0.07174644299356969
Michael & Florence,departure_time,15.0,0.06155995091040979
Michael & Florence,departure_time,16.0,0.045504317679617275
Michael & Florence,departure_time,17.0,0.04429721612453636
Michael & Florence,departure_time,18.0,0.031911556464800914
Michael & Florence,departure_time,19.0,0.035290996551450605
Michael & Florence,departure_time,20.0,0.04624454710886961
Michael & Florence,departure_time,21.0,0.038497713142886275
Michael & Florence,departure_time,22.0,0.02924733422066579
Michael & Florence,departure_time,23.0,0.021105361949903388
Michael & Florence,stay_duration,0.25,0.8883696067901462
Michael & Florence,stay_duration,0.75,0.04182643778579386
Michael & Florence,stay_duration,1.25,0.020309143387780303
Michael & Florence,stay_duration,1.75,0.011007755840524037
Michael & Florence,stay_duration,2.25,0.007501476425947206
Michael & Florence,stay_duration,2.75,0.005193340084671252
Michael & Florence,stay_duration,3.25,0.003981724127201098
Michael & Florence,stay_duration,3.75,0.0030801876306329576
Michael & Florence,stay_duration,4.25,0.002655678932073685
Michael & Florence,stay_duration,4.75,0.0020516496405833555
Michael & Florence,stay_duration,5.25,0.0017650348797505699
Michael & Florence,stay_duration,5.75,0.0014457578324796436
Michael & Florence,stay_duration,6.25,0.0012905015428263302
Michael & Florence,stay_duration,6.75,0.0010858149435369598
Michael & Florence,stay_duration,7.25,0.0010227247457554394
Michael & Florence,stay_duration,7.75,0.0008721016408224324
Michael & Florence,stay_duration,8.25,0.0007949689490591163
Michael & Florence,stay_duration,8.75,0.0007090621167120425
Michael & Florence,stay_duration,9.25,0.0006524740686771823
Michael & Florence,stay_duration,9.75,0.0005940890628941542
Michael & Florence,stay_duration,10.25,0.0005653409631299532
Michael & Florence,stay_duration,10.75,0.0005139245422985524
Michael & Florence,stay_duration,11.25,0.000460082443454224
Michael & Florence,stay_duration,11.75,0.00038946587299900737
Michael & Florence,stay_duration,12.25,0.00032791577118227436
Michael & Florence,stay_duration,12.75,0.0002674242838284274
Michael & Florence,stay_duration,13.25,0.00022282061130183314
Michael & Florence,stay_duration,13.75,0.0001855670548277033
Michael & Florence,stay_duration,14.25,0.00015786574743593986
Michael & Florence,stay_duration,14.75,0.0001322795194989578
Michael & Florence,stay_duration,15.25,0.00011110937971222815
Michael & Florence,stay_duration,15.75,9.358044378362828e-05
Michael & Florence,stay_duration,16.25,7.947883934959032e-05
Michael & Florence,stay_duration,16.75,6.787921914864744e-05
Michael & Florence,stay_duration,17.25,5.642146403308623e-05
Michael & Florence,stay_duration,17.75,4.722387766417404e-05
Michael & Florence,stay_duration,18.25,3.886780918809409e-05
Michael & Florence,stay_duration,18.75,3.1270503971707056e-05
Michael & Florence,stay_duration,19.25,2.4217014915949788e-05
Michael & Florence,stay_duration,19.75,8.442047315705214e-06
Michael & Florence,stay_duration,20.25,2.320353934386704e-06
Michael & Florence,stay_duration,20.75,1.6207011269361506e-06
Michael & Florence,stay_duration,21.25,1.3434193691446872e-06
Michael & Florence,stay_duration,21.75,1.1445933025112734e-06
Michael & Florence,stay_duration,22.25,9.909061266811213e-07
Michael & Florence,stay_duration,22.75,9.038525515605455e-07
Michael & Florence,stay_duration,23.25,6.803075685348696e-07
Michael & Florence,stay_duration,23.75,2.880291127446209e-07
Michael & Florence,location_rank,1.0,0.13629940760745846
Michael & Florence,location_rank,2.0,0.05428129349236674
Michael & Florence,location_rank,3.0,0.020208919099761285
Michael & Florence,location_rank,4.0,0.011785160769072796
Michael & Florence,location_rank,5.0,0.008226328716445982
Michael & Florence,location_rank,6.0,0.006154718605258268
Michael & Florence,location_rank,7.0,0.004848904305600917
Michael & Florence,location_rank,8.0,0.004013919274248777
Michael & Florence,location_rank,9.0,0.0033582497898872713
Michael & Florence,location_rank,10.0,0.0028844519822454717
Michael & Florence,location_rank,11.0,0.0025342720465273178
Michael & Florence,location_rank,12.0,0.0022239149083108224
Michael & Florence,location_rank,13.0,0.001986554925940179
Michael & Florence,location_rank,14.0,0.0017642185012154057
Michael & Florence,location_rank,15.0,0.0015915445697689884
Michael & Florence,location_rank,16.0,0.001437622329089819
Michael & Florence,location_rank,17.0,0.0013154371657999944
Michael & Florence,location_rank,18.0,0.0012013806492764023
Michael & Florence,location_rank,19.0,0.0011135854803139879
Michael & Florence,location_rank,20.0,0.0010286907558364096
Michael & Florence,location_rank,21.0,0.0009481238856234442
Michael & Florence,location_rank,22.0,0.0008835437036272935
Michael & Florence,location_rank,23.0,0.0008236008475400446
Michael & Florence,location_rank,24.0,0.0007693437676490596
Michael & Florence,location_rank,25.0,0.0007263672414379886
Michael & Florence,location_rank,26.0,0.0006818990327353066
Michael & Florence,location_rank,27.0,0.0006448692296383444
Michael & Florence,location_rank,28.0,0.0006102463157455353
Michael & Florence,location_rank,29.0,0.000582790952698221
Michael & Florence,location_rank,30.0,0.0005535900937941755
Michael & Florence,location_rank,31.0,0.0005233510079454691
Michael & Florence,location_rank,32.0,0.0004976198429010143
Michael & Florence,location_rank,33.0,0.0004817972601862631
Michael & Florence,location_rank,34.0,0.0004592275045186468
Michael & Florence,location_rank,35.0,0.0004441999044049593
Michael & Florence,location_rank,36.0,0.0004282692944215822
Michael & Florence,location_rank,37.0,0.00041049731054112803
Michael & Florence,location_rank,38.0,0.00039545957859959377
Michael & Florence,location_rank,39.0,0.00038013282212772157
Michael & Florence,location_rank,40.0,0.0003676213494285606
Michael & Florence,location_rank,41.0,0.00035771989972369024
Michael & Florence,location_rank,42.0,0.00034982203607597344
Michael & Florence,location_rank,43.0,0.0003314673253866434
Michael & Florence,location_rank,44.0,0.0003266577310350812
Michael & Florence,location_rank,45.0,0.00032097842219554055
Michael & Florence,location_rank,46.0,0.00030919796411776895
Michael & Florence,location_rank,47.0,0.0003000396905509288
Michael & Florence,location_rank,48.0,0.00030146343758418977
Michael & Florence,location_rank,49.0,0.0002864718111731473
Michael & Florence,location_rank,50.0,0.0002799720520778026
Michael & Florence,location_rank,51.0,0.00027460882965865154
Michael & Florence,location_rank,52.0,0.00027215153555066815
Michael & Florence,location_rank,53.0,0.00025358798590329883
Michael & Florence,location_rank,54.0,0.0002547898724734423
Michael & Florence,location_rank,55.0,0.0002461041684026143
Michael & Florence,location_rank,56.0,0.00024308546342419825
Michael & Florence,location_rank,57.0,0.00024044570051715935
Michael & Florence,location_rank,58.0,0.00023266615758761548
Michael & Florence,location_rank,59.0,0.00022949500398296378
Michael & Florence,location_rank,60.0,0.00022380501546126987
Michael & Florence,location_rank,61.0,0.00021313113757056253
Michael & Florence,location_rank,62.0,0.0002117820109850518
Michael & Florence,location_rank,63.0,0.00019970205903693122
Michael & Florence,location_rank,64.0,0.00019330269633293292
Michael & Florence,location_rank,65.0,0.00020073502827100626
Michael & Florence,location_rank,66.0,0.00019719055039506777
Michael & Florence,location_rank,67.0,0.00019602329835570768
Michael & Florence,location_rank,68.0,0.00018524886466837135
Michael & Florence,location_rank,69.0,0.0001771417942969244
Michael & Florence,location_rank,70.0,0.00017635334067400056
Michael & Florence,location_rank,71.0,0.0001725519250066593
Michael & Florence,location_rank,72.0,0.00016453209261660108
Michael & Florence,location_rank,73.0,0.00016250143924265108
Michael & Florence,location_rank,74.0,0.00016533865335009645
Michael & Florence,location_rank,75.0,0.00015898303575871683
Michael & Florence,location_rank,76.0,0.00016229496270382597
Michael & Florence,location_rank,77.0,0.0001531794045743525
Michael & Florence,location_rank,78.0,0.00015399585577278207
Michael & Florence,location_rank,79.0,0.00014947820800117033
Michael & Florence,location_rank,80.0,0.0001432633994816675
Michael & Florence,location_rank,81.0,0.00013682803942152678
Michael & Florence,location_rank,82.0,0.00014045967895945371
Michael & Florence,location_rank,83.0,0.0001390548625317146
Michael & Florence,location_rank,84.0,0.00013313760284779373
Michael & Florence,location_rank,85.0,0.00013491346331443775
Michael & Florence,location_rank,86.0,0.00012844559137451986
Michael & Florence,location_rank,87.0,0.00013309708068829054
Michael & Florence,location_rank,88.0,0.00012446976487625453
Michael & Florence,location_rank,89.0,0.0001218315988734752
Michael & Florence,location_rank,90.0,0.0001237971106295708
Michael & Florence,location_rank,91.0,0.00011820372988059037
Michael & Florence,location_rank,92.0,0.00011237648167273917
Michael & Florence,location_rank,93.0,0.00010692690793132906
Michael & Florence,location_rank,94.0,0.00010702575006182446
Michael & Florence,location_rank,95.0,0.00010951545507687835
Michael & Florence,location_rank,96.0,0.00011177856562405577
Michael & Florence,location_rank,97.0,0.00010732742609777487
Michael & Florence,location_rank,98.0,0.00010765117693178069
Michael & Florence,location_rank,99.0,0.00011925175160933891
Michael & Florence,location_rank,100.0,0.00010846664021112488
Michael & Florence,location_rank,101.0,9.700235699154776e-05
Michael & Florence,location_rank,102.0,9.354172058225038e-05
Michael & Florence,location_rank,103.0,8.991071447345471e-05
Michael & Florence,location_rank,104.0,0.0001091570411790956
Michael & Florence,location_rank,105.0,9.997894645247118e-05
Michael & Florence,location_rank,106.0,0.00011176971969865508
Michael & Florence,location_rank,107.0,9.380923783968e-05
Michael & Florence,location_rank,108.0,0.0001056674402512651
Michael & Florence,location_rank,109.0,9.086797891302136e-05
Michael & Florence,location_rank,110.0,8.073587272609777e-05
Michael & Florence,location_rank,111.0,8.519804267686898e-05
Michael & Florence,location_rank,112.0,9.209774250046329e-05
Michael & Florence,location_rank,113.0,7.494855828045863e-05
Michael & Florence,location_rank,114.0,8.529215729316109e-05
Michael & Florence,location_rank,115.0,8.383617352418184e-05
Michael & Florence,location_rank,116.0,9.917999422703481e-05
Michael & Florence,location_rank,117.0,9.787236640042645e-05
Michael & Florence,location_rank,118.0,7.718636664329586e-05
Michael & Florence,location_rank,119.0,8.07667839760232e-05
Michael & Florence,location_rank,120.0,6.760788108728345e-05
Michael & Florence,location_rank,121.0,7.746603221969323e-05
Michael & Florence,location_rank,122.0,6.800988803899953e-05
Michael & Florence,location_rank,123.0,8.309904530569431e-05
Michael & Florence,location_rank,124.0,8.311199143239257e-05
Michael & Florence,location_rank,125.0,9.175506689720944e-05
Michael & Florence,location_rank,126.0,6.638373097623876e-05
Michael & Florence,location_rank,127.0,6.825898443191184e-05
Michael & Florence,location_rank,128.0,8.063575067170621e-05
Michael & Florence,location_rank,129.0,6.623986877978019e-05
Michael & Florence,location_rank,130.0,7.11086357762913e-05
Michael & Florence,location_rank,131.0,6.109928576929726e-05
Michael & Florence,location_rank,132.0,8.607778463228377e-05
Michael & Florence,location_rank,133.0,8.522059686330363e-05
Michael & Florence,location_rank,134.0,5.65173258642167e-05
Michael & Florence,location_rank,135.0,7.374942549975735e-05
Michael & Florence,location_rank,136.0,7.059017177014475e-05
Michael & Florence,location_rank,137.0,8.974027435994427e-05
Michael & Florence,location_rank,138.0,6.255660030158721e-05
Michael & Florence,location_rank,139.0,0.0001076212196042667
Michael & Florence,location_rank,140.0,9.588811322142638e-05
Michael & Florence,location_rank,141.0,9.453812175282784e-05
Michael & Florence,location_rank,142.0,5.7058366177520565e-05
Michael & Florence,location_rank,143.0,6.242584289638103e-05
Michael & Florence,location_rank,144.0,4.944048313033939e-05
Michael & Florence,location_rank,145.0,6.1660598569331e-05
Michael & Florence,location_rank,146.0,6.714098760956148e-05
Michael & Florence,location_rank,147.0,0.00010444670324748879
Michael & Florence,location_rank,148.0,7.11512670758747e-05
Michael & Florence,location_rank,149.0,8.212914577176098e-05
Michael & Florence,location_rank,150.0,4.8571827817753805e-05
Michael & Florence,location_rank,151.0,8.466451022687171e-05
Michael & Florence,location_rank,152.0,6.056905228458024e-05
Michael & Florence,location_rank,153.0,8.149233976290283e-05
Michael & Florence,location_rank,154.0,8.229842670895184e-05
Michael & Florence,location_rank,155.0,6.422558593687452e-05
Michael & Florence,location_rank,156.0,3.550843984667908e-05
Michael & Florence,location_rank,157.0,0.00010954291944650618
Michael & Florence,location_rank,158.0,6.200326294075559e-05
Michael & Florence,location_rank,159.0,3.798091704905124e-05
Michael & Florence,location_rank,160.0,0.00010056299212366498
Michael & Florence,location_rank,161.0,6.582320161777443e-05
Michael & Florence,location_rank,162.0,0.0001105389867337202
Michael & Florence,location_rank,163.0,8.634024236170064e-05
Michael & Florence,location_rank,164.0,5.8361485931880637e-05
Michael & Florence,location_rank,165.0,3.883147205677751e-05
Michael & Florence,location_rank,166.0,3.233651690308751e-05
Michael & Florence,location_rank,167.0,3.895499696881826e-05
Michael & Florence,location_rank,168.0,2.3423549169999927e-05
Michael & Florence,location_rank,169.0,5.912026549830815e-05
Michael & Florence,location_rank,170.0,3.728452983753724e-05
Michael & Florence,location_rank,171.0,2.1867284588099108e-05
Michael & Florence,location_rank,172.0,2.8122711523896526e-05
Michael & Florence,location_rank,173.0,0.00013077780267492948
Michael & Florence,location_rank,174.0,9.993201586704035e-05
Michael & Florence,location_rank,175.0,6.580230550829827e-05
Michael & Florence,location_rank,176.0,3.090224957835558e-05
Michael & Florence,location_rank,177.0,0.00018996960486322188
Michael & Florence,location_rank,178.0,0.00016886187098953063
Michael & Florence,location_rank,179.0,0.0001477541371158393
Michael & Florence,location_rank,180.0,0.0001266464032421479
Michael & Florence,location_rank,181.0,0.00010553866936845668
Michael & Florence,location_rank,182.0,8.443093549476514e-05
Michael & Florence,location_rank,183.0,6.332320162107403e-05
Michael & Florence,location_rank,184.0,4.221546774738275e-05
Michael & Florence,location_rank,185.0,2.1107733873690868e-05
