zip,n_edges,support_ratio_cdr,clustering_cdr,n_users,support_ratio_fb,clustering_fb
94010,1520.0,0.4598684210526316,0.09113738543462557,1791,0.83806998,0.086889997
94015,5647.0,0.42447317159553744,0.10609849672563816,4869,0.89528,0.097000003
95758,2350.0,0.47319148936170213,0.1066367321553487,2268,0.82327002,0.088509999
95380,3800.0,0.47842105263157897,0.11511441804407745,2685,0.9314,0.087399997
94041,6285.0,0.23277645186953064,0.08880833704653504,3442,0.57998002,0.090369999
94518,811.0,0.4796547472256473,0.09186895783430911,1043,0.73978001,0.086659998
95207,1084.0,0.4326568265682657,0.08970739814966389,1495,0.86339003,0.081649996
94128,1361.0,0.432035268185158,0.11449699515137488,963,0.42146,0.10017
94565,2425.0,0.4589690721649485,0.10314225113400588,2495,0.93686002,0.085600004
94588,1951.0,0.4259354177344951,0.09730499194638349,2311,0.80615997,0.096759997
94520,807.0,0.4634448574969021,0.09632323876983193,1182,0.84130001,0.087750003
94523,569.0,0.43233743409490333,0.08552506459005958,1129,0.76512003,0.083949998
94610,600.0,0.38333333333333336,0.06746590846064553,1268,0.54328001,0.073270001
93923,762.0,0.484251968503937,0.09493447578777911,784,0.89644003,0.087909997
94587,4396.0,0.5614194722474978,0.11651070174082113,3608,0.93096,0.095109999
95116,780.0,0.4794871794871795,0.10436832546491105,1132,0.76284999,0.08117
95665,630.0,0.4142857142857143,0.09711713674313363,770,0.89172,0.098760001
95136,940.0,0.44361702127659575,0.10272413450443618,1364,0.68911999,0.086479999
94501,2120.0,0.42924528301886794,0.09903066520592592,2125,0.88843,0.083169997
94118,2282.0,0.29053461875547765,0.08293938341505944,2795,0.63006002,0.079489999
94116,1306.0,0.4563552833078101,0.10068111916922286,1914,0.81181002,0.086290002
94124,1406.0,0.4751066856330014,0.10235025623317406,1732,0.90886003,0.083769999
94533,3428.0,0.40781796966161027,0.11060256084725147,2605,0.93760002,0.085040003
95008,611.0,0.2896890343698854,0.07463240491764929,1266,0.76464999,0.088349998
95336,1327.0,0.4069329314242653,0.09575066021461744,1366,0.92711997,0.08574
94063,1108.0,0.4503610108303249,0.09065234219923901,1606,0.85110003,0.083350003
94122,1194.0,0.45979899497487436,0.10080460088940256,1765,0.78938001,0.081900001
95476,3077.0,0.5466363340916477,0.11527015128450435,1890,0.98703998,0.1035
95448,2169.0,0.49377593360995853,0.10594793415087152,1735,0.95784998,0.094350003
94115,777.0,0.38481338481338484,0.09479764943728793,1250,0.60247999,0.080349997
94517,356.0,0.4297752808988764,0.0959709310346425,500,0.89247,0.089749999
93905,2669.0,0.554140127388535,0.13010628567475702,1639,0.92009002,0.082529999
93906,4555.0,0.534357848518112,0.1211059682565768,2895,0.91197002,0.082649998
93960,2381.0,0.5451490970180597,0.14649592710602335,1433,0.97702998,0.10302
93901,2061.0,0.4255215914604561,0.09633758717603441,1727,0.85663998,0.0801
95660,1409.0,0.46841731724627395,0.10274558125389895,1565,0.77609003,0.083300002
94531,1663.0,0.4846662657847264,0.11232945520074179,1795,0.84224999,0.087590002
94559,525.0,0.4438095238095238,0.09521877044901851,827,0.93474001,0.087899998
95640,723.0,0.5864453665283541,0.10080392454142455,584,0.97171003,0.10382
94110,1605.0,0.32398753894080995,0.0769452420091478,2490,0.7173,0.073150001
94402,555.0,0.5927927927927928,0.10863162520816269,877,0.72684997,0.08303
94061,846.0,0.45390070921985815,0.09397689048606606,1234,0.82872999,0.082180001
94030,521.0,0.6276391554702495,0.10687629276384004,652,0.90240002,0.09584
94901,992.0,0.37701612903225806,0.0824084568299918,1359,0.93115002,0.091779999
95608,1327.0,0.4461190655614167,0.09776623414796083,1812,0.76563001,0.084339999
95206,2065.0,0.5757869249394673,0.12712793959755642,1875,0.90292001,0.08247
95388,1255.0,0.5848605577689243,0.12963107487122835,963,0.91039002,0.087010004
95219,1805.0,0.5163434903047092,0.09774254685175066,1744,0.80772001,0.08467
94607,827.0,0.5513905683192262,0.09602108646859756,1114,0.75781,0.0757
95210,1216.0,0.5641447368421053,0.11892449748467424,1331,0.88031,0.086130001
94804,1580.0,0.3348101265822785,0.08396046474098305,1908,0.88804001,0.088040002
93955,3522.0,0.5156161272004542,0.12166048755750579,1929,0.95396,0.092210002
95242,5481.0,0.42090859332238645,0.10424853446124306,2615,0.9242,0.08743
95401,1117.0,0.5837063563115488,0.10738498424001487,1432,0.83556002,0.08608
94509,1106.0,0.4349005424954792,0.09871020982326677,1441,0.90293002,0.084469996
94544,1948.0,0.46919917864476385,0.10213134391722904,2626,0.84336001,0.089649998
94112,3815.0,0.47208387942332897,0.10234038725565735,4258,0.83471,0.087300003
94545,1544.0,0.49352331606217614,0.10904226090453423,1599,0.83340001,0.093379997
94080,1529.0,0.447351209941138,0.10206109514324695,1944,0.88655001,0.090839997
95368,1052.0,0.5874524714828897,0.11808898825941593,753,0.87520999,0.089189999
95322,562.0,0.599644128113879,0.12504948562197016,450,0.97248,0.10409
95360,1428.0,0.6386554621848739,0.12514787628737628,1021,0.98236001,0.10289
95630,3022.0,0.43514228987425546,0.09629248034080204,3374,0.90755999,0.089769997
95126,677.0,0.37370753323485967,0.08856222974656196,1198,0.62234998,0.08388
95648,311.0,0.41479099678456594,0.10345798488956591,532,0.91196001,0.084349997
95747,2006.0,0.5139581256231306,0.11596818550321938,2058,0.82881999,0.084250003
95765,610.0,0.4081967213114754,0.08795598928285314,761,0.82424003,0.087739997
94305,1389.0,0.421886249100072,0.09108105843301019,1092,0.95265001,0.097599998
95330,1159.0,0.6229508196721312,0.1233360035223083,1041,0.85301,0.086350001
95020,3336.0,0.42026378896882494,0.1161035822231116,2135,0.95455003,0.08568
95111,791.0,0.5284450063211125,0.10600222527057546,1114,0.84130001,0.08687
95128,571.0,0.3905429071803853,0.08445086334177372,940,0.64415002,0.0845
95120,995.0,0.4994974874371859,0.09958527650203305,1163,0.90875,0.09279
95642,1339.0,0.48917102315160566,0.10845864841330759,1041,0.97614998,0.10482
95050,876.0,0.3904109589041096,0.08971319231058111,1590,0.74770999,0.090709999
95240,2143.0,0.54129724685021,0.10623148070845495,2126,0.95455998,0.088380001
95677,549.0,0.5154826958105647,0.1021473656464088,918,0.75919998,0.085830003
95204,1187.0,0.43723673125526535,0.09369703604236693,1511,0.78793001,0.080490001
94536,2223.0,0.4664867296446244,0.10030751638067155,2734,0.84258002,0.093429998
94123,373.0,0.4128686327077748,0.0772067162243111,713,0.81361002,0.087870002
94109,721.0,0.2829403606102635,0.07870675588835023,1476,0.64678001,0.083489999
94117,463.0,0.2915766738660907,0.06163206804972345,903,0.66729999,0.077950001
93620,4071.0,0.7300417587816261,0.16813715078751815,1364,0.99102998,0.11741
95054,774.0,0.4186046511627907,0.0932891054714518,1374,0.68611997,0.095710002
95121,1428.0,0.5098039215686274,0.11938146436850554,1594,0.84074998,0.090439998
94037,1014.0,0.5039447731755424,0.10268807928449246,1084,0.89249998,0.10133
95307,2586.0,0.576952822892498,0.11628027037414763,2140,0.89209998,0.083999999
94404,1425.0,0.4456140350877193,0.09153751957848907,1768,0.83054,0.089709997
94513,1564.0,0.4296675191815857,0.09954798158910821,1734,0.91885,0.088150002
94549,1006.0,0.44532803180914515,0.09085966295536481,1143,0.85676003,0.081689999
95377,2246.0,0.5347284060552092,0.11507611152837209,1898,0.84672999,0.086230002
95672,740.0,0.4297297297297297,0.10096052774953937,859,0.66202998,0.088930003
95135,1002.0,0.5838323353293413,0.12926252291523424,1036,0.90902001,0.10185
94925,232.0,0.43103448275862066,0.07950846284066611,484,0.76201999,0.079860002
94556,783.0,0.42911877394636017,0.09265201240305015,956,0.88743001,0.085299999
95670,912.0,0.5054824561403509,0.09499154464626124,1345,0.86155999,0.087509997
95616,2195.0,0.3530751708428246,0.08256214937996956,2488,0.90210998,0.10062
94303,1071.0,0.5182072829131653,0.115040106564292,1174,0.92663997,0.084770001
94127,193.0,0.41450777202072536,0.08413448097391842,330,0.63318998,0.078890003
94541,1343.0,0.47952345495160087,0.09779009703864001,2062,0.79605001,0.086560003
95252,1226.0,0.48450244698205547,0.0944329631420096,886,0.96895999,0.099969998
95864,404.0,0.46534653465346537,0.08486969075962163,690,0.79663998,0.08055
94105,266.0,0.32706766917293234,0.06946777281427292,540,0.61663997,0.0779
95070,727.0,0.5048143053645117,0.08851597221316376,1207,0.94286001,0.1041
95023,2185.0,0.49107551487414186,0.11615629713375455,1511,0.97381002,0.090389997
95356,1348.0,0.47700296735905046,0.10164160980330995,1497,0.78086001,0.083339997
94618,394.0,0.5786802030456852,0.08450869545477403,608,0.52485001,0.071099997
94551,1197.0,0.4126984126984127,0.09053308016731165,1390,0.91860002,0.091480002
95667,1522.0,0.43889618922470436,0.09474588457415874,1599,0.96381003,0.091940001
95035,2409.0,0.45745122457451226,0.10493318991398119,2953,0.90540999,0.09612
95746,659.0,0.49165402124430957,0.10511917329981389,1007,0.88218999,0.087350003
95237,473.0,0.5517970401691332,0.09986110326686215,555,0.87136,0.091540001
94506,1382.0,0.5383502170767004,0.12056711299626342,1318,0.84750998,0.0858
95825,650.0,0.3707692307692308,0.08443933492764134,1236,0.69954002,0.087520003
95131,1139.0,0.4231782265144864,0.09549415584440282,1547,0.76455998,0.09313
95829,741.0,0.6072874493927125,0.10779008609356622,1059,0.81772,0.088289998
95132,786.0,0.4491094147582697,0.10565859683151863,1025,0.89230001,0.096550003
95618,758.0,0.5316622691292876,0.10127293891011539,877,0.87311,0.095509999
95826,979.0,0.4218590398365679,0.07933116002920096,1682,0.71774,0.086560003
95010,602.0,0.4003322259136213,0.0876862077922602,788,0.68659002,0.084009998
94538,4320.0,0.4212962962962963,0.09889004294483651,4186,0.83723998,0.097989999
95003,463.0,0.4708423326133909,0.08163940138795348,700,0.85540998,0.085809998
94563,424.0,0.4268867924528302,0.07535238289814637,626,0.88297999,0.081110001
95691,1627.0,0.48063921327596804,0.10034362357582086,1665,0.91398001,0.088359997
94583,1402.0,0.3601997146932953,0.0951494922819104,1921,0.86159998,0.092019998
94577,1900.0,0.5021052631578947,0.10865056339440163,2068,0.83857,0.088930003
93635,6243.0,0.5116130065673554,0.1378330546670857,2564,0.97836,0.091669999
94619,415.0,0.42409638554216866,0.08394844680531609,715,0.84415001,0.085940003
94539,3032.0,0.48977572559366755,0.11226223324085963,2852,0.95270997,0.10911
94070,591.0,0.36548223350253806,0.08638850331121771,893,0.82686001,0.085139997
95624,3332.0,0.5042016806722689,0.10381384083682353,3188,0.87059999,0.086609997
95819,459.0,0.42483660130718953,0.07231360978679745,882,0.75577003,0.08021
95118,673.0,0.5527488855869243,0.11739411693926234,1012,0.73425001,0.085759997
95134,747.0,0.32663989290495316,0.0913587140870268,1306,0.71366,0.10252
95835,1211.0,0.5772089182493807,0.1260461517045498,1023,0.77397001,0.084020004
95112,1047.0,0.3973256924546323,0.08787266623142304,1920,0.69132,0.08422
95661,854.0,0.40749414519906324,0.09513944696416067,1193,0.73869997,0.086630002
95687,1679.0,0.4949374627754616,0.0990279586573431,2040,0.93602002,0.087300003
94510,564.0,0.4521276595744681,0.08387786089211989,856,0.95542002,0.095420003
94598,392.0,0.39285714285714285,0.08802546192177339,844,0.83285999,0.086309999
95129,1528.0,0.45157068062827227,0.09747077530951176,2214,0.88571,0.10006
95682,907.0,0.4807056229327453,0.10009673541504453,1180,0.91969001,0.090449996
95662,680.0,0.4294117647058823,0.08567047556561826,855,0.79615003,0.083180003
94903,1570.0,0.3821656050955414,0.10309272151575177,1428,0.86295998,0.088509999
95051,1336.0,0.40194610778443113,0.08967336228152373,1850,0.74103999,0.09663
94954,1903.0,0.44245927482921704,0.09763432110231723,1912,0.93664998,0.096390001
95827,1150.0,0.5260869565217391,0.11089756749022413,1463,0.74013001,0.087219998
94904,303.0,0.4884488448844885,0.10442086740811045,510,0.70415002,0.080760002
94086,1282.0,0.38845553822152884,0.08897296439591408,1964,0.69278002,0.094700001
95014,1747.0,0.5082999427590155,0.1056012160846001,2249,0.90404999,0.10137
93940,1061.0,0.3911404335532517,0.08337123704298503,1577,0.88483,0.088950001
94589,1130.0,0.5637168141592921,0.11770332672450629,1418,0.87532997,0.093160003
95209,2458.0,0.4780309194467046,0.10867033677421144,2090,0.84865999,0.082769997
95762,652.0,0.5644171779141104,0.10373295217054213,917,0.87822002,0.083580002
95301,1938.0,0.4855521155830753,0.12421080743094026,1406,0.95251,0.086960003
94801,754.0,0.5888594164456233,0.1158425721480559,966,0.85835999,0.084399998
94521,722.0,0.425207756232687,0.08569524380505537,1201,0.84547001,0.089670002
94547,909.0,0.5225522552255225,0.10982380055406499,1157,0.90581,0.092
94121,697.0,0.47776183644189385,0.1012661365990498,1048,0.73811001,0.083870001
94550,1213.0,0.4765045342126958,0.09733420212476321,1497,0.91615999,0.088469997
94555,975.0,0.5446153846153846,0.10594672652005124,1134,0.88515002,0.095210001
95133,601.0,0.540765391014975,0.11876991177955948,1014,0.77000999,0.090510003
94603,577.0,0.4038128249566724,0.08995052743262476,914,0.8409,0.081029996
95351,2199.0,0.4979536152796726,0.10518351780086833,1941,0.88362998,0.078089997
94949,668.0,0.5359281437125748,0.10138417216241585,1017,0.82928997,0.091069996
95119,838.0,0.3794749403341289,0.09020935029433126,1076,0.6195991,0.083942272
95695,1235.0,0.43724696356275305,0.1034400560047386,962,0.97613001,0.096179999
95326,1108.0,0.6064981949458483,0.1287725262124479,825,0.94108999,0.094690003
95123,1030.0,0.45922330097087377,0.10640761904638263,1691,0.77548999,0.08749
94526,866.0,0.4330254041570439,0.08857860313242095,1320,0.90244001,0.08743
94591,1523.0,0.6073539067629679,0.12027211911857968,1703,0.92107999,0.095179997
95776,1455.0,0.4742268041237113,0.11638197268556988,1381,0.94455999,0.099260002
94606,1241.0,0.43352135374697826,0.1020408596715334,1503,0.7626,0.08134
95355,5343.0,0.3241624555493169,0.09471201623130193,2939,0.86575001,0.083400004
94566,705.0,0.5517730496453901,0.11905470672682865,873,0.89099002,0.096340001
94582,1469.0,0.5663716814159292,0.12865146325247656,1358,0.88813001,0.093440004
95366,640.0,0.4890625,0.09689771553712952,744,0.96247,0.09606
95626,80.0,0.45,0.08189866871255913,169,0.73386002,0.084009998
95685,272.0,0.3786764705882353,0.09297057248166772,332,0.95266002,0.10558
95628,676.0,0.4822485207100592,0.08457616327815676,1099,0.76801002,0.083209999
95117,209.0,0.3397129186602871,0.08521918695714442,464,0.63901001,0.087800004
95122,926.0,0.509719222462203,0.10894996109511046,1288,0.82748997,0.088820003
95831,734.0,0.40463215258855584,0.08069733068933121,1181,0.84575999,0.081009999
94002,881.0,0.5073779795686719,0.09968524000834632,1198,0.74321002,0.087810002
95357,407.0,0.6363636363636364,0.11964433761544134,482,0.70153999,0.081890002
95076,5762.0,0.4227698715723707,0.1146285422387098,2871,0.97071999,0.087240003
94806,640.0,0.4796875,0.1050762532362891,1034,0.90359998,0.091789998
94965,411.0,0.4720194647201946,0.08596394631092025,659,0.84785002,0.076310001
94568,1371.0,0.46316557257476293,0.10009169238026748,1776,0.80991,0.091940001
95632,4505.0,0.530299667036626,0.12072895182856144,2155,0.9677,0.095289998
95215,869.0,0.5995397008055235,0.11132835590023465,998,0.8732,0.086719997
94085,469.0,0.39232409381663114,0.08778069717867876,1001,0.67129999,0.093989998
94534,893.0,0.46920492721164614,0.08945798939526459,1459,0.86227,0.087760001
95621,478.0,0.45188284518828453,0.09652090550904258,771,0.75597,0.0845
94960,762.0,0.4973753280839895,0.08953643931124254,946,0.80116999,0.084469996
95811,183.0,0.20218579234972678,0.06457293896834587,446,0.63336003,0.077869996
95817,93.0,0.27956989247311825,0.06611969936847296,218,0.82467997,0.077069998
95742,814.0,0.6240786240786241,0.10735370973078584,964,0.74379998,0.083999999
94514,104.0,0.5673076923076923,0.10115955797087453,181,0.69270003,0.088200003
95125,908.0,0.44933920704845814,0.08502687586793334,1513,0.71720999,0.081869997
95841,424.0,0.4834905660377358,0.09733527969761673,767,0.59552997,0.082269996
94952,837.0,0.4157706093189964,0.08485804265306993,1154,0.92648,0.092600003
94530,404.0,0.39851485148514854,0.08534499035096779,831,0.77003002,0.08061
95060,671.0,0.4068554396423249,0.09077786253840203,948,0.91189998,0.091470003
94502,214.0,0.5233644859813084,0.0958688729593508,397,0.89216,0.089079998
94579,409.0,0.511002444987775,0.10397047063924207,639,0.86782998,0.095250003
95818,716.0,0.42877094972067037,0.08864851119476472,977,0.69898999,0.07446
94134,562.0,0.5355871886120996,0.09534360636916636,1009,0.83736998,0.09144
94596,740.0,0.5027027027027027,0.09638152379462712,1028,0.71675003,0.090449996
94019,1666.0,0.5834333733493398,0.11988888655145477,1076,0.98548001,0.10827
94602,465.0,0.4150537634408602,0.08346928231565148,736,0.60544997,0.071759999
94044,852.0,0.45539906103286387,0.09310096633588075,1248,0.93035001,0.091229998
94403,1125.0,0.5226666666666666,0.09741451933348742,1692,0.81415999,0.087990001
94027,336.0,0.5148809523809523,0.09458225935469476,583,0.80129999,0.090599999
95148,1052.0,0.5560836501901141,0.1118870920823088,1445,0.91110998,0.094130002
94621,667.0,0.5397301349325337,0.11158729016008967,910,0.82596999,0.08207
95834,939.0,0.5122470713525027,0.1048726635677958,1295,0.71234,0.083679996
94107,487.0,0.39014373716632444,0.07811332259853189,1015,0.60921001,0.075649999
95228,207.0,0.5120772946859904,0.08924044754151061,247,0.95339,0.096699998
95694,924.0,0.6114718614718615,0.13335441938928913,645,0.98343003,0.10218
94507,250.0,0.56,0.10364110406766103,397,0.84062999,0.084770001
95688,1168.0,0.3553082191780822,0.08276726483123954,1298,0.93199003,0.087739997
95404,1088.0,0.46691176470588236,0.09561807292329462,1458,0.80892998,0.087030001
94014,928.0,0.49137931034482757,0.10630184708169871,1546,0.82594001,0.091849998
94928,1896.0,0.4451476793248945,0.10146421976507924,2077,0.91588002,0.098200001
94558,2472.0,0.4639967637540453,0.10860143492262948,2484,0.97415,0.089019999
95037,1345.0,0.4728624535315985,0.1119150590815838,1480,0.90978003,0.087379999
95757,1436.0,0.5786908077994429,0.1134540867845464,1639,0.84235001,0.089680001
95367,2298.0,0.5687554395126196,0.12309846862562676,1554,0.90996999,0.090889998
95032,638.0,0.5203761755485894,0.10846142338148697,1016,0.79806,0.087710001
94612,566.0,0.3763250883392226,0.08530180463344805,1064,0.49950999,0.07604
94062,256.0,0.3046875,0.06745048215358902,516,0.79374999,0.083400004
95843,1194.0,0.5887772194304858,0.13189198303502495,1209,0.84006,0.090800002
94595,379.0,0.41688654353562005,0.06838818316569702,462,0.72318,0.078809999
95324,1243.0,0.5567176186645213,0.11252268747294203,910,0.98689002,0.11474
95127,661.0,0.4236006051437216,0.09485746654645455,1035,0.81383997,0.084899999
94043,287.0,0.289198606271777,0.06162231680349816,762,0.65749002,0.090190001
95823,1550.0,0.49096774193548387,0.10879225023656505,2007,0.88278002,0.084830001
95816,282.0,0.29432624113475175,0.07008778998792504,643,0.73939002,0.081150003
94605,355.0,0.37183098591549296,0.06570311219793033,726,0.76442999,0.077239998
94564,587.0,0.49233390119250425,0.10677477342544485,786,0.83899999,0.093709998
94561,659.0,0.4370257966616085,0.09517799923044619,763,0.91358,0.087889999
94131,410.0,0.4121951219512195,0.08055900720688397,756,0.59258002,0.074589998
95006,1214.0,0.5354200988467874,0.12712699364522406,911,0.94815999,0.090719998
95124,1501.0,0.4397068620919387,0.09784140092892905,2073,0.80672997,0.089550003
94920,210.0,0.46190476190476193,0.12164195513548173,330,0.80755001,0.07158
94931,361.0,0.5844875346260388,0.10054313497432359,580,0.67027998,0.092380002
95376,2507.0,0.5321100917431193,0.12193985656471933,2010,0.90983999,0.085620001
95678,836.0,0.44258373205741625,0.08681976591715493,1562,0.81007999,0.086400002
94706,181.0,0.3701657458563536,0.06789517120109742,391,0.80111998,0.08495
94941,580.0,0.46206896551724136,0.09948060179892518,860,0.82108003,0.078529999
93933,907.0,0.5391400220507166,0.12283966033370579,881,0.90079999,0.09245
94560,1145.0,0.5283842794759825,0.10571082639806814,1582,0.90157998,0.093379997
93908,409.0,0.589242053789731,0.11130816949696638,640,0.9235,0.086900003
94572,143.0,0.5384615384615384,0.12535085006468774,228,0.84531999,0.090219997
94040,842.0,0.39667458432304037,0.08580949288394393,1442,0.70523,0.094310001
94571,292.0,0.4657534246575342,0.08126981011724892,394,0.98097998,0.10919
94951,84.0,0.4642857142857143,0.08713550592903144,129,0.77701998,0.094959997
94304,340.0,0.3029411764705882,0.07536685792474969,702,0.65113997,0.082539998
95403,1052.0,0.47433460076045625,0.09731286632371124,1503,0.87127,0.089230001
94025,864.0,0.4537037037037037,0.09285460196630937,1376,0.77285999,0.085919999
94553,1613.0,0.34035957842529446,0.08229221875648167,1766,0.92333001,0.08997
94585,255.0,0.42745098039215684,0.09612322271794704,429,0.83405,0.086400002
94401,655.0,0.4213740458015267,0.09633245543618368,1041,0.8524,0.087080002
95018,534.0,0.3707865168539326,0.0900085058971611,725,0.84039003,0.085189998
95620,1386.0,0.4790764790764791,0.10790868669053795,1031,0.96977001,0.1011
94945,910.0,0.37362637362637363,0.08330190386225113,1253,0.87330002,0.09302
93924,618.0,0.6051779935275081,0.1073078274764744,443,0.95618999,0.097669996
94609,376.0,0.43351063829787234,0.08457297552009209,671,0.56753999,0.072130002
94703,292.0,0.4212328767123288,0.07919644553389253,593,0.63744003,0.07942
94066,1094.0,0.5393053016453382,0.10503413760174082,1682,0.87436002,0.093099996
95138,789.0,0.5031685678073511,0.10671845645625633,857,0.71919,0.087420002
95610,1364.0,0.4142228739002933,0.09799672276676914,1826,0.76312,0.084119998
94028,339.0,0.5870206489675516,0.11695749002726386,379,0.80353677,0.082373373
95304,1830.0,0.646448087431694,0.13419858379705837,1669,0.81985998,0.087389998
95065,76.0,0.34210526315789475,0.048998960512214945,183,0.68099999,0.085309997
95113,143.0,0.3146853146853147,0.07403632400029868,328,0.28762022,0.090003595
95409,899.0,0.3248053392658509,0.07712260297321916,1082,0.79664999,0.088040002
94608,405.0,0.3654320987654321,0.07917142718518864,822,0.62541997,0.079230003
95472,732.0,0.5040983606557377,0.0911041937389356,963,0.92580998,0.09104
95650,239.0,0.5523012552301255,0.10991679741232457,398,0.87818003,0.08433
94103,810.0,0.44938271604938274,0.09342589745896489,1451,0.68212003,0.076559998
94552,130.0,0.676923076923077,0.11305440740473367,188,0.88463002,0.092929997
95202,523.0,0.45506692160611856,0.12361768614824457,632,0.60649002,0.077720001
95838,862.0,0.4802784222737819,0.09452180186988121,1112,0.89758998,0.08444
94578,859.0,0.44237485448195574,0.09196712673874634,1292,0.73418999,0.086240001
95833,317.0,0.5141955835962145,0.09133774781559027,527,0.77395999,0.085150003
95822,1197.0,0.44862155388471175,0.09983777493514494,1348,0.78457999,0.078910001
94503,928.0,0.4989224137931034,0.11522931911018007,960,0.92426997,0.10008
95673,656.0,0.5304878048780488,0.1099478453302865,928,0.89933002,0.083669998
94709,162.0,0.25308641975308643,0.04955185313824661,395,0.70815003,0.090120003
95821,442.0,0.416289592760181,0.10168138580867023,822,0.69779003,0.0823
94065,243.0,0.49382716049382713,0.08025906054888793,478,0.67299002,0.087269999
95382,2395.0,0.5369519832985387,0.1180768697964631,1968,0.92466003,0.09369
95690,66.0,0.3939393939393939,0.07458170207128058,127,0.94154,0.10582
94574,310.0,0.4290322580645161,0.10650590923182841,346,0.94089001,0.099739999
95709,804.0,0.6218905472636815,0.14042558191052304,608,0.76425999,0.088639997
95828,1666.0,0.414765906362545,0.10425048042978786,1750,0.85338002,0.089330003
95386,909.0,0.5951595159515951,0.11938017766212454,742,0.94847,0.095830001
95407,1501.0,0.41439040639573615,0.10495306683513857,1528,0.89774001,0.087710001
95062,399.0,0.3583959899749373,0.07415115459593788,743,0.90436,0.086800002
95212,2319.0,0.5028029322984044,0.12326773019906669,1720,0.83605999,0.092129998
94133,644.0,0.453416149068323,0.08990162671800961,1075,0.68269998,0.089170001
94611,279.0,0.4050179211469534,0.07442839782841859,582,0.67922997,0.071850002
94301,272.0,0.3639705882352941,0.08215309084224488,519,0.79273999,0.086220004
95815,298.0,0.43288590604026844,0.08368644685715285,579,0.74254,0.078390002
95684,339.0,0.5634218289085545,0.10754886119320595,410,0.89383,0.08619
94132,605.0,0.4049586776859504,0.09346209848163628,925,0.68109,0.089939997
94102,615.0,0.35772357723577236,0.08795512697141512,1220,0.68861997,0.078429997
93950,186.0,0.4731182795698925,0.094159369851423,350,0.88834,0.088229999
94704,782.0,0.33631713554987214,0.07584931052246113,1152,0.73275,0.089790002
95683,382.0,0.56282722513089,0.09816533038215673,422,0.95046997,0.081610002
94022,217.0,0.6405529953917051,0.12053323090265325,383,0.81440997,0.088799998
95354,1132.0,0.508833922261484,0.10201450907934155,1457,0.78192002,0.076300003
94306,76.0,0.3157894736842105,0.0762591465594593,183,0.84393001,0.092479996
95350,1255.0,0.4438247011952191,0.09225684595088111,1558,0.84803998,0.078850001
95064,578.0,0.3633217993079585,0.09321210248558091,588,0.72140002,0.098339997
95842,475.0,0.72,0.13137348561718687,579,0.71446002,0.082900003
95337,2465.0,0.5111561866125761,0.11149950445377779,1910,0.86944002,0.085670002
95361,2140.0,0.5032710280373832,0.11208049499350771,1606,0.97005999,0.094329998
94597,424.0,0.38207547169811323,0.08409151390154755,847,0.65324998,0.08777
94024,203.0,0.3645320197044335,0.07426989634072716,470,0.79987001,0.087839998
94803,1009.0,0.5213082259663032,0.10598092903745923,1268,0.81044,0.089079998
95110,102.0,0.45098039215686275,0.08735208962867157,253,0.58842999,0.083219998
95249,320.0,0.4375,0.10855064420955816,354,0.95267999,0.09747
94542,214.0,0.4485981308411215,0.0946694438982258,395,0.54732001,0.088699996
94087,569.0,0.43409490333919154,0.08477697770578328,1014,0.81193,0.093680002
95668,101.0,0.594059405940594,0.08053890364735967,165,0.81631565,0.09916883
95405,533.0,0.3977485928705441,0.08498729083270111,792,0.77309,0.085369997
94111,66.0,0.045454545454545456,0.04803586677953006,212,0.37720001,0.081809998
95030,343.0,0.49854227405247814,0.10670683932656448,518,0.80080998,0.08811
94705,114.0,0.23684210526315788,0.06081495435392216,264,0.60026997,0.082500003
94580,583.0,0.6174957118353345,0.11716736648383144,818,0.85067999,0.095430002
95002,96.0,0.5833333333333334,0.1351884291443788,150,0.75073999,0.093079999
95814,261.0,0.28735632183908044,0.0621793592317379,528,0.64851999,0.081380002
95446,399.0,0.5864661654135338,0.10510332254623728,464,0.94358999,0.093259998
95046,204.0,0.44607843137254904,0.09254620655361999,371,0.70613003,0.08856
94601,1182.0,0.5177664974619289,0.09877266011581189,1428,0.84451002,0.080169998
94515,622.0,0.6028938906752411,0.12352013602517477,569,0.98136997,0.10374
94590,916.0,0.42358078602620086,0.09148554642129218,953,0.87295997,0.084100001
94114,174.0,0.29310344827586204,0.055658062275878016,475,0.82055998,0.06696
95824,980.0,0.47959183673469385,0.10562280248196884,1263,0.74962002,0.081490003
94710,164.0,0.34146341463414637,0.06584262414090565,375,0.62809002,0.08207
94005,157.0,0.46496815286624205,0.08211039841929739,258,0.71298999,0.082110003
95005,114.0,0.47368421052631576,0.08374890102444281,225,0.88643998,0.092869997
94108,368.0,0.328804347826087,0.079046622063457,766,0.36599001,0.081739999
95358,2515.0,0.5749502982107356,0.11711031306508478,1952,0.84110999,0.08416
95231,664.0,0.6701807228915663,0.13005808959199988,682,0.86069,0.090829998
93907,547.0,0.5009140767824497,0.1047456737815428,679,0.80403,0.088519998
93926,864.0,0.6041666666666666,0.14953022536739793,506,0.98095,0.10927
95205,1476.0,0.5149051490514905,0.12249898363375758,1572,0.83893001,0.079829998
95334,2312.0,0.66219723183391,0.16138789315424892,1298,0.96876001,0.10051
95012,488.0,0.569672131147541,0.13093968891343682,376,0.91794002,0.090989999
95039,213.0,0.7089201877934272,0.13538845141123426,279,0.69059116,0.085420817
95316,800.0,0.6175,0.11322770320740733,723,0.90025002,0.092569999
93953,154.0,0.45454545454545453,0.08261353980604286,318,0.68317997,0.09082
95425,306.0,0.4542483660130719,0.09174319746725881,370,0.98527002,0.11163
95236,340.0,0.5470588235294118,0.11423765872340864,378,0.95805001,0.10386
94060,503.0,0.6461232604373758,0.12428839495781674,255,0.96945137,0.10804452
95387,236.0,0.864406779661017,0.1682984877965329,103,0.97364002,0.09663
95461,135.0,0.5703703703703704,0.09771761106476133,210,0.96121001,0.10865
95315,675.0,0.6311111111111111,0.13660814955355186,660,0.92879999,0.094599999
95004,161.0,0.42857142857142855,0.08449158672271051,268,0.86127001,0.089280002
95645,130.0,0.5384615384615384,0.11159100631970095,158,0.85205215,0.097574137
95669,237.0,0.679324894514768,0.12765879554131673,220,0.95624,0.095210001
95374,129.0,0.6666666666666666,0.11040195602627721,146,0.83788848,0.096330434
95320,793.0,0.544766708701135,0.11378472627122749,695,0.97062999,0.10401
93930,663.0,0.6395173453996983,0.15460268056740176,460,0.99005997,0.10667
94505,60.0,0.3,0.05823106370098852,140,0.90443999,0.084940001
95492,157.0,0.35668789808917195,0.08360171834243041,300,0.93203998,0.093840003
95607,381.0,0.6036745406824147,0.1379895828217164,338,0.80576998,0.1132
94939,172.0,0.3953488372093023,0.0910553859348771,363,0.6602,0.083329998
95220,201.0,0.5671641791044776,0.08688110975117942,252,0.80374002,0.094999999
95614,64.0,0.453125,0.10132881969737537,115,0.90814,0.089670002
94702,133.0,0.46616541353383456,0.0757568896687951,220,0.60636997,0.076860003
94158,50.0,0.38,0.07716043228596076,147,0.60970998,0.082829997
93920,296.0,0.8243243243243243,0.1756971300165641,114,0.99329001,0.095590003
93622,64.0,0.640625,0.10041833686218714,110,0.99017,0.12716
95441,155.0,0.6193548387096774,0.11385819281699897,253,0.72531003,0.099160001
95820,129.0,0.3875968992248062,0.07011709380202093,278,0.72688001,0.076339997
95203,178.0,0.5,0.09927712520486057,338,0.73685002,0.076200001
95033,58.0,0.3275862068965517,0.06950596352004804,142,0.86877,0.085890003
95066,112.0,0.45535714285714285,0.09181300512969479,240,0.88204002,0.091909997
95638,154.0,0.6103896103896104,0.11913599883151639,185,0.82814002,0.08805
94924,61.0,0.5245901639344263,0.09163300214871528,73,0.97462636,0.091775782
