expansion_factor,density
0.0,0.004522299101078847
0.2333159669802085,0.004689413423447706
0.466631933960417,0.00486046537076765
0.6999479009406255,0.005035456879867691
0.933263867920834,0.005214386306049725
1.1665798349010426,0.0053972483560712475
1.399895801881251,0.005584034023715521
1.6332117688614596,0.005774730527915423
1.866527735841668,0.005969321253399983
2.0998437028218766,0.006167785693839046
2.333159669802085,0.006370099397469172
2.5664756367822936,0.006576233915194518
2.799791603762502,0.006786156751169164
3.0331075707427106,0.00699983131588209
3.266423537722919,0.007217216881782947
3.4997395047031277,0.007438268541505571
3.733055471683336,0.0076629371687664
3.9663714386635447,0.007891169382036994
4.199687405643753,0.008122907511113057
4.433003372623961,0.008358089566725858
4.66631933960417,0.008596649213367379
4.899635306584379,0.008838515745524644
5.132951273564587,0.009083614067544392
5.366267240544795,0.00933186467737334
5.599583207525004,0.009583183654443394
5.832899174505213,0.009837482651993912
6.066215141485421,0.010094668894144359
6.299531108465629,0.010354645178050214
6.532847075445838,0.010617309881492407
6.766163042426047,0.0108825569762648
6.999479009406255,0.011150276047736775
7.232794976386463,0.011420352320975746
7.466110943366672,0.011692666693819952
7.699426910346881,0.011967095777293107
7.932742877327089,0.012243511943749329
8.166058844307297,0.012521783383129793
8.399374811287506,0.012801774167701249
8.632690778267715,0.013083344325629914
8.866006745247923,0.013366349923724043
9.099322712228131,0.013650643159652214
9.33263867920834,0.013936072463914907
9.56595464618855,0.014222482611811763
9.799270613168758,0.014509714845607214
10.032586580148966,0.014797607007053888
10.265902547129174,0.015085993680385207
10.499218514109383,0.015374706345836101
10.73253448108959,0.01566357354369606
10.9658504480698,0.015952421048839913
11.199166415050009,0.01624107205561937
11.432482382030217,0.016529347372935863
11.665798349010426,0.016817065629248
11.899114315990634,0.01710404348720044
12.132430282970843,0.01739009586749313
12.365746249951052,0.01767503618154081
12.599062216931259,0.01795867657240552
12.832378183911468,0.018240828163417384
13.065694150891677,0.018521301313833692
13.299010117871886,0.018799905880823316
13.532326084852095,0.019076451487002797
13.765642051832302,0.01935074779269416
13.99895801881251,0.019622604772021292
14.23227398579272,0.019891832991914063
14.465589952772927,0.020158243893045803
14.698905919753136,0.020421650071693814
14.932221886733345,0.02068186556148086
15.165537853713554,0.02093870611393127
15.398853820693763,0.021191989476759134
15.63216978767397,0.021441535668795527
15.865485754654179,0.02168716725045994
16.098801721634388,0.021928709588687176
16.332117688614595,0.022165991115234807
16.565433655594806,0.02239884357731801
16.798749622575013,0.022627102279549803
17.03206558955522,0.022850606316201647
17.26538155653543,0.023069198792846735
17.498697523515638,0.023282727036501756
17.732013490495845,0.0234910427934443
17.965329457476056,0.023694002413951434
18.198645424456263,0.023891467023280828
18.431961391436474,0.024083302678295542
18.66527735841668,0.024269380509222515
18.898593325396888,0.024449576846124636
19.1319092923771,0.024623773329763645
19.365225259357306,0.02479185700663071
19.598541226337517,0.02495372040802335
19.831857193317724,0.025109261613152325
20.06517316029793,0.025258384296368532
20.298489127278142,0.025400997758703983
20.53180509425835,0.025537016944028282
20.765121061238556,0.025666362440224445
20.998437028218767,0.025788960465890548
21.231752995198974,0.025904742843170576
21.46506896217918,0.0260136469574131
21.698384929159392,0.02611561570444463
21.9317008961396,0.026210597426328485
22.16501686311981,0.02629854583655565
22.398332830100017,0.02637941993568447
22.631648797080224,0.026453183918506675
22.864964764060435,0.026519807073869497
23.098280731040642,0.02657926367832898
23.331596698020853,0.02663153288484008
23.56491266500106,0.026676598607716217
23.798228631981267,0.026714449405101693
24.031544598961478,0.026745078360204823
24.264860565941685,0.02676848296252943
24.498176532921892,0.026784664990325453
24.731492499902103,0.02679363039544754
24.96480846688231,0.026795389191771966
25.198124433862517,0.026789955348268665
25.431440400842728,0.026777346687766868
25.664756367822935,0.026757584792379416
25.898072334803146,0.026730694916472616
26.131388301783353,0.02669670590797903
26.36470426876356,0.026655650138753276
26.59802023574377,0.026607563444569823
26.83133620272398,0.026552485075247323
27.06465216970419,0.02649045765527324
27.297968136684396,0.026421527155179265
27.531284103664603,0.026345742873795156
27.764600070644814,0.026263157431384066
27.99791603762502,0.026173826773533217
28.23123200460523,0.026077810185547622
28.46454797158544,0.025975170316967607
28.697863938565646,0.025865973215705516
28.931179905545854,0.02575028837117677
29.164495872526064,0.025628188765681893
29.39781183950627,0.025499750933184986
29.631127806486482,0.025365055024528602
29.86444377346669,0.025224184878025652
30.097759740446897,0.02507722809428077
30.331075707427107,0.02492427611401143
30.564391674407315,0.024765424297569102
30.797707641387525,0.02460077200480075
31.031023608367732,0.0244304226738421
31.26433957534794,0.024254483897398163
31.49765554232815,0.02407306749504148
31.730971509308358,0.0238862895800478
31.964287476288565,0.023694270619289762
32.197603443268775,0.02349713548472491
32.43091941024898,0.0232950134950402
32.66423537722919,0.02308803844605883
32.8975513442094,0.022876348628565215
33.13086731118961,0.022660086832273593
33.36418327816982,0.022439400334741542
33.597499245150026,0.02221444087411972
33.83081521213023,0.021985364604730818
34.06413117911044,0.02175233203457928
34.297447146090654,0.021515507944015366
34.53076311307086,0.02127506128490329
34.76407908005107,0.021031165059780272
34.997395047031276,0.020783996180633302
35.23071101401148,0.02053373530707006
35.46402698099169,0.0202805666638071
35.697342947971904,0.02002467783755629
35.93065891495211,0.0197662595535423
36.16397488193232,0.01950550543204032
36.397290848912526,0.019242611725477355
36.63060681589273,0.0189777770367919
36.86392278287295,0.018711202019894898
37.097238749853155,0.018443089063218666
37.33055471683336,0.018173641957477046
37.56387068381357,0.01790306554889129
37.797186650793776,0.017631565379257207
38.03050261777399,0.017359347314342705
38.2638185847542,0.017086617162207118
38.497134551734405,0.0168135802831251
38.73045051871461,0.01654044119287879
38.96376648569482,0.016267403161248382
39.19708245267503,0.015994667807586564
39.43039841965524,0.015722434695403315
39.66371438663545,0.015450900927914946
39.897030353615655,0.015180260746525044
40.13034632059586,0.01491070513420478
40.36366228757607,0.014642421425724812
40.596978254556284,0.014375592926663933
40.83029422153649,0.01411039854307693
41.0636101885167,0.013847012423648958
41.296926155496905,0.013585603616096693
41.53024212247711,0.013326335739495222
41.76355808945733,0.013069366674119091
41.996874056437534,0.012814848270282845
42.23019002341774,0.012562926077553969
42.46350599039795,0.012313739095590519
42.696821957378155,0.01206741954772511
42.93013792435836,0.01182409267828135
43.16345389133858,0.011583876574466257
43.396769858318784,0.011346882013534348
43.63008582529899,0.011113212335769146
43.8634017922792,0.010882963343674022
44.096717759259406,0.010656223227609243
44.33003372623962,0.01043307251795825
44.56334969321983,0.01021358406375152
44.796665660200034,0.009997823037525208
45.02998162718024,0.009785846966043434
45.26329759416045,0.009577705786368596
45.49661356114066,0.009373441926626388
45.72992952812087,0.009173090410678698
45.96324549510108,0.008976678985793343
46.196561462081284,0.00878422827228209
46.42987742906149,0.00859575193397027
46.663193396041706,0.00841125686826202
46.89650936302191,0.008230743414477222
47.12982533000212,0.008054205579056764
47.36314129698233,0.007881631276166203
47.596457263962535,0.007713002582171402
47.82977323094274,0.007548296002414827
48.063089197922956,0.0073874827486880845
48.29640516490316,0.007230529025774551
48.52972113188337,0.007077396325425781
48.76303709886358,0.006928041726136166
48.996353065843785,0.00678241819709301
49.229669032824,0.006640474904701305
49.462984999804206,0.006502157520116403
49.69630096678441,0.006367408526260022
49.92961693376462,0.0062361675228478075
50.16293290074483,0.006108371528017069
50.396248867725035,0.005983955275212411
50.62956483470525,0.005862851504062713
50.862880801685456,0.0057449912440656545
51.09619676866566,0.005630304089983702
51.32951273564587,0.005518718467949025
51.56282870262608,0.005410161891370946
51.79614466960629,0.005304561205840468
52.0294606365865,0.005201842822327818
52.26277660356671,0.005101932938073453
52.496092570546914,0.005004757744676735
52.72940853752712,0.004910243622990666
52.962724504507335,0.004818317324533908
53.19604047148754,0.00472890613923246
53.42935643846775,0.004641938049401738
53.66267240544796,0.004557341869974936
53.895988372428164,0.004475047375074987
54.12930433940838,0.004394985411113758
54.362620306388585,0.004317087996684267
54.59593627336879,0.0042412884095871985
54.829252240349,0.0041675212614036075
55.06256820732921,0.004095722560089047
55.295884174309414,0.004025829761121743
55.52920014128963,0.003957781807787699
55.762516108269836,0.003891519161228643
55.99583207525004,0.00382698382091523
56.22914804223025,0.0037641193362366477
56.46246400921046,0.0037028708099198664
56.69577997619067,0.0036431848940065566
56.92909594317088,0.003585009779123853
57.162411910151086,0.0035282951777864625
57.39572787713129,0.003472992302462668
57.6290438441115,0.0034190538391256895
57.86235981109171,0.0033664339169951806
58.09567577807192,0.003315088075151331
58.32899174505213,0.003264973226677275
58.562307712032336,0.0032160476209537794
58.79562367901254,0.0031682708046950965
59.02893964599275,0.003121603582275655
59.262255612972965,0.003076007975855709
59.49557157995317,0.003031447185769756
59.72888754693338,0.002987885551595359
59.962203513913586,0.00294528851427279
60.19551948089379,0.0029036225795973066
60.42883544787401,0.0028628552833576118
60.662151414854215,0.002822955158345398
60.89546738183442,0.0027838917034132722
61.12878334881463,0.0027456353547116747
61.362099315794836,0.0027081574591903104
61.59541528277505,0.0026714302504064792
61.82873124975526,0.002635426826641816
62.062047216735465,0.002600121131290756
62.29536318371567,0.0025654879354486773
62.52867915069588,0.002531502822595535
62.761995117676086,0.0024981421752420267
62.9953110846563,0.0024653831633800233
63.22862705163651,0.0024332037345574107
63.461943018616715,0.0024015826053796064
63.69525898559692,0.0023704992542258638
63.92857495257713,0.002339933914958182
64.16189091955734,0.00230986757139392
64.39520688653755,0.002280281952310289
64.62852285351775,0.0022511595267493646
64.86183882049797,0.002222483499396162
65.09515478747818,0.0021942378058093697
65.32847075445838,0.0021664071072943635
65.5617867214386,0.0021389767852209116
65.7951026884188,0.002111932934603147
66.02841865539901,0.0020852623567768507
66.26173462237922,0.0020589525510284097
66.49505058935942,0.002032991705050595
66.72836655633964,0.0020073686841226308
66.96168252331984,0.0019820730189349972
67.19499849030005,0.001957094892003192
67.42831445728027,0.0019324251226387381
67.66163042426047,0.0019080551504696975
67.89494639124068,0.0018839770175267025
68.12826235822088,0.0018601833489336364
68.3615783252011,0.0018366673322642163
68.59489429218131,0.0018134226956469498
68.82821025916151,0.0017904436847204247
69.06152622614172,0.001767725038559123
69.29484219312192,0.00174526196470608
69.52815816010214,0.0017230501134630311
69.76147412708235,0.0017010855516008565
69.99479009406255,0.0016793647356629785
70.22810606104277,0.0016578844850420247
70.46142202802297,0.0016366419550152484
70.69473799500318,0.001615634609926908
70.92805396198338,0.0015948601967063264
71.1613699289636,0.0015743167189081456
71.39468589594381,0.0015540024114570907
71.62800186292401,0.001533915716272818
71.86131782990422,0.0015140552589417138
72.09463379688442,0.001494419826591693
72.32794976386464,0.00147500834711334
72.56126573084485,0.0014558198698563743
72.79458169782505,0.0014368535479144732
73.02789766480527,0.001418108622094222
73.26121363178547,0.001399584406645667
73.49452959876568,0.0013812802768125194
73.7278455657459,0.0013631956582403012
73.9611615327261,0.0013453300182602052
74.19447749970631,0.001327682859045905
74.42779346668651,0.0013102537126200315
74.66110943366672,0.0012930421376666618
74.89442540064694,0.0012760477180864221
75.12774136762714,0.0012592700632116783
75.36105733460735,0.0012427088095810594
75.59437330158755,0.001226363624155512
75.82768926856777,0.0012102342088422483
76.06100523554798,0.0011943203061785725
76.29432120252818,0.0011786217060148591
76.5276371695084,0.0011631382530248439
76.7609531364886,0.001147869854862291
76.99426910346881,0.0011328164907757144
77.22758507044902,0.0011179782204876467
77.46090103742922,0.0011033551931416774
77.69421700440944,0.0010889476561192954
77.92753297138964,0.001074755963529536
78.16084893836985,0.0010607805841773225
78.39416490535007,0.0010470221088214383
78.62748087233027,0.0010334812565399526
78.86079683931048,0.001020158880029784
79.09411280629068,0.001007055969677679
79.3274287732709,0.0009941736562521842
79.5607447402511,0.0009815132120800322
79.79406070723131,0.0009690760505856135
80.02737667421152,0.0009568637240887519
80.26069264119172,0.0009448779197735638
80.49400860817194,0.0009331204537597905
80.72732457515214,0.0009215932632272327
80.96064054213235,0.0009102983965637956
81.19395650911257,0.0008992380015279006
81.42727247609277,0.0008884143114364258
81.66058844307298,0.0008778296294098024
81.89390441005318,0.0008674863107261221
82.1272203770334,0.0008573867433560413
82.36053634401361,0.0008475333267696026
82.59385231099381,0.0008379284491247602
82.82716827797402,0.0008285744629652142
83.06048424495422,0.0008194736595718985
83.29380021193444,0.000810628242128129
83.52711617891465,0.000802040297872758
83.76043214589485,0.0007937117694286022
83.99374811287507,0.0007856444255048992
84.22706407985527,0.0007778398311823785
84.46038004683548,0.0007702993179977232
84.6936960138157,0.0007630239540507214
84.9270119807959,0.0007560145143620308
85.16032794777611,0.000749271451712476
85.39364391475631,0.0007427948681958265
85.62695988173652,0.0007365844877163122
85.86027584871673,0.0007306396296596101
86.09359181569694,0.0007249591839617166
86.32690778267715,0.0007195415877940994
86.56022374965735,0.0007143848040757808
86.79353971663757,0.0007094863020136508
87.02685568361777,0.0007048430398614251
87.26017165059798,0.0007004514500752532
87.4934876175782,0.000696307427030277
87.7268035845584,0.0006924063174473781
87.96011955153861,0.0006887429136631997
88.19343551851881,0.0006853114498592739
88.42675148549903,0.0006821056013479121
88.66006745247924,0.000679118486993569
88.89338341945944,0.0006763426748287175
89.12669938643965,0.0006737701909031041
89.36001535341985,0.0006713925313846437
89.59333132040007,0.0006692006779093468
89.82664728738028,0.0006671851161566698
90.05996325436048,0.0006653358576056593
90.2932792213407,0.0006636424644063953
90.5265951883209,0.000662094077280631
90.75991115530111,0.0006606794463453068
90.99322712228133,0.0006593869647329362
91.22654308926153,0.0006582047048638272
91.45985905624174,0.0006571204572068219
91.69317502322194,0.0006561217713478643
91.92649099020215,0.0006551959991693029
92.15980695718237,0.000654330339927545
92.39312292416257,0.0006535118870025806
92.62643889114278,0.0006527276760800678
92.85975485812298,0.0006519647345152427
93.0930708251032,0.0006512101316179005
93.32638679208341,0.0006504510295892232
93.55970275906361,0.0006496747348343154
93.79301872604383,0.0006488687493690221
94.02633469302403,0.0006480208220359995
94.25965066000424,0.0006471189992430949
94.49296662698444,0.0006461516749369069
94.72628259396465,0.0006451076395259669
94.95959856094487,0.0006439761274712826
95.19291452792507,0.000642746863267036
95.42623049490528,0.0006414101055410038
95.65954646188548,0.0006399566890127453
95.8928624288657,0.0006383780640577342
96.12617839584591,0.0006366663336373776
96.35949436282611,0.000634814287368178
96.59281032980633,0.0006328154325180972
96.82612629678653,0.0006306640217344279
97.05944226376674,0.0006283550773250134
97.29275823074695,0.0006258844119334728
97.52607419772716,0.0006232486454689871
97.75939016470737,0.0006204452181721622
97.99270613168757,0.0006174723997203029
98.22602209866778,0.0006143292942980348
98.459338065648,0.000611015841582446
98.6926540326282,0.0006075328136156251
98.92596999960841,0.0006038818075615443
99.15928596658861,0.0006000652343684798
99.39260193356883,0.0005960863033824417
99.62591790054904,0.000591949002981269
99.85923386752924,0.00058765807732291
100.09254983450946,0.0005832189993248755
100.32586580148966,0.0005786379400147022
100.55918176846987,0.0005739217344133646
100.79249773545007,0.0005690778441347936
101.02581370243028,0.0005641143169047896
101.2591296694105,0.0005590397432216145
101.4924456363907,0.000553863210398148
101.72576160337091,0.0005485942542416975
101.95907757035111,0.0005432428086421499
102.19239353733133,0.000537819153352069
102.42570950431154,0.0005323338602534933
102.65902547129174,0.0005267977384154516
102.89234143827196,0.0005212217782535476
103.12565740525216,0.0005156170951082975
103.35897337223237,0.0005099948725621659
103.59228933921258,0.0005043663058164606
103.82560530619278,0.0004987425454483347
104.058921273173,0.0004931346418651352
104.2922372401532,0.00048755349076827145
104.52555320713341,0.00048200977993159634
104.75886917411363,0.00047651393759016514
104.99218514109383,0.00047107608272410276
105.22550110807404,0.0004657059775093222
105.45881707505424,0.00046041298219206634
105.69213304203446,0.00045520601262775533
105.92544900901467,0.00045009350070660507
106.15876497599487,0.00044508335786898725
106.39208094297508,0.00044018294189271807
106.62539690995528,0.0004353990271125387
106.8587128769355,0.00043073777820910896
107.09202884391571,0.00042620472768108635
107.32534481089591,0.0004218047570894638
107.55866077787613,0.00041754208213845014
107.79197674485633,0.00041342024163201985
108.02529271183654,0.00040944209031998265
108.25860867881676,0.00040560979562223663
108.49192464579696,0.0004019248381949477
108.72524061277717,0.0003983880162779257
108.95855657975737,0.0003949994537386356
109.19187254673759,0.0003917586117052396
109.42518851371779,0.0003886643036590129
109.658504480698,0.00038571471383554455
109.89182044767821,0.00038290741876449106
110.12513641465841,0.00038023941175942716
110.35845238163863,0.0003777071301526691
110.59176834861883,0.00037530648505494006
110.82508431559904,0.00037303289340650066
111.05840028257926,0.0003708813120749941
111.29171624955946,0.00036884627374577614
111.52503221653967,0.0003669219243430319
111.75834818351987,0.0003651020617145014
111.99166415050009,0.0003633801753092132
112.2249801174803,0.0003617494865762431
112.4582960844605,0.00036020298981315327
112.69161205144071,0.00035873349319542864
112.92492801842091,0.00035733365972282616
113.15824398540113,0.00035599604782506094
113.39155995238134,0.000354713151377583
113.62487591936154,0.00035347743888824534
113.85819188634176,0.00035228139162735313
114.09150785332196,0.0003511175404867666
114.32482382030217,0.0003499785013682976
114.55813978728239,0.0003488570089174513
114.79145575426259,0.0003477459484354523
115.0247717212428,0.0003466383858203354
115.258087688223,0.00034552759540648273
115.49140365520321,0.0003444070855911949
115.72471962218341,0.000343270622156537
115.95803558916363,0.00034211224921460175
116.19135155614384,0.00034092630772433627
116.42466752312404,0.00033970745154800186
