zip,expansion_factor
94041,4.181871005229517
93635,15.896645865834634
95076,30.199582027168233
94015,13.326555760936538
95242,10.032504780114722
95355,20.084382443007826
93906,22.540932642487046
95632,14.585150812064965
94587,20.676552106430155
94538,16.271141901576684
93620,6.516862170087976
94112,20.001409112259278
95380,15.892737430167598
93955,17.830482115085537
94533,29.03454894433781
95020,29.907259953161592
95624,20.621706398996235
95476,19.466666666666665
94539,18.514025245441797
95630,22.813574392412566
93905,36.85661989017694
95307,20.90467289719626
95358,17.08247950819672
95376,26.637810945273632
94558,27.834943639291467
95337,19.741361256544504
95209,21.202392344497607
94565,38.50941883767535
95035,26.26549271926854
95382,19.483231707317074
93960,18.56943475226797
95758,28.17195767195767
95212,16.307558139534883
95334,12.932973805855163
95367,16.19176319176319
94118,14.83649373881932
95377,17.12381454162276
94536,27.01353328456474
95351,25.800618238021638
95616,20.935691318327976
95023,34.84182660489742
95448,10.076080691642652
95240,22.97177798682973
95361,21.51805728518057
94501,30.043764705882353
95206,34.151466666666664
93901,16.10017371163868
95747,31.74684159378037
94588,15.714409346603203
94544,30.173267326732674
95301,27.529871977240397
94954,20.09100418410042
94577,23.25338491295938
94928,21.23399133365431
95304,8.711204313960456
95219,17.011467889908257
95014,27.759004001778568
95687,33.3671568627451
94019,18.87918215613383
95828,34.44
94531,24.394428969359332
95691,22.766366366366366
94553,28.142129105322763
94110,29.783534136546184
94804,21.755765199161427
94903,21.04201680672269
94513,36.326989619377166
95823,39.497757847533634
94545,20.340838023764853
94080,34.77211934156379
95129,17.989159891598916
94591,32.4920728126835
95667,22.901813633520952
94010,23.85817978782803
95124,24.6840328027014
95407,27.80301047120419
95205,24.519083969465647
94582,30.971281296023562
95776,16.926140477914554
95757,30.31299572910311
95121,23.903387703889585
95360,12.76101860920666
94404,20.873868778280542
95660,23.30479233226837
94124,20.41743648960739
94583,18.27277459656429
94305,14.404761904761905
95620,21.19689621726479
94506,19.163884673748104
94568,30.64189189189189
95610,25.18893756845564
94128,0.14018691588785046
95356,21.938543754175015
95037,34.9
94541,32.034917555771095
95642,6.557156580211335
95051,31.417837837837837
95336,34.85505124450952
95608,34.13907284768212
94116,24.9858934169279
94086,25.269857433808554
95350,34.080872913992295
95388,14.78920041536864
95324,8.80879120879121
94606,25.484364604125084
95695,42.47089397089397
95252,17.723476297968396
95210,30.89181066867017
95006,10.140504939626783
94550,33.734134936539746
95835,39.199413489736074
94551,32.915827338129496
95822,33.62240356083086
94122,35.20169971671388
95843,38.634408602150536
95204,18.812045003309066
94601,36.62394957983193
95688,28.680277349768875
95330,20.703170028818445
95827,14.480519480519481
94560,29.25158027812895
95131,20.148674854557207
95354,16.982155113246396
94589,21.627644569816642
94403,26.182033096926713
95401,27.22486033519553
94063,21.483810709838107
95326,11.985454545454546
94509,46.448993754337266
94066,25.638525564803803
95404,27.7599451303155
95207,34.70167224080267
94303,40.9190800681431
93940,20.552314521242867
95148,33.80899653979239
95368,19.282868525896415
95403,30.17631403858949
95112,31.802083333333332
95123,39.73151981076286
94037,2.4833948339483394
94803,20.634858044164037
94549,25.93088363954506
95135,21.58108108108108
95120,32.47979363714531
94901,31.259749816041207
95824,23.98733174980206
95826,22.74435196195006
94555,33.851851851851855
95136,34.896627565982406
95834,21.798455598455597
94014,32.027813712807244
94503,21.152083333333334
95122,44.86024844720497
95694,16.10232558139535
94590,39.220356768100736
95670,40.63048327137547
94945,15.191540303272147
94547,21.904062229904927
95386,14.268194070080863
95125,35.40912095175149
93933,28.393870601589104
95682,25.54322033898305
95409,25.24214417744917
94534,26.349554489376285
94002,22.706176961602672
95050,24.8125786163522
95215,24.419839679358716
94526,24.650757575757577
93926,18.304347826086957
94025,31.09593023255814
95838,35.240107913669064
94578,31.779411764705884
95661,26.259010896898577
94044,31.302083333333332
94061,32.11021069692058
94040,24.857836338418863
95119,9.732342007434944
94952,31.35528596187175
95678,27.613316261203586
94607,23.567324955116696
95742,12.366182572614107
94518,27.255992329817833
94103,19.803583735354927
94520,32.629441624365484
95709,8.741776315789474
95316,9.150760719225449
95320,18.840287769784172
95111,56.007181328545784
95138,24.231038506417736
95132,40.82341463414634
94556,17.12133891213389
94704,25.338541666666668
95116,49.89487632508834
94115,28.0032
95054,17.65938864628821
93923,16.368622448979593
94960,16.622621564482028
95618,30.493728620296466
94801,31.012422360248447
95134,20.84532924961715
95829,26.56657223796034
94596,20.254863813229573
95672,6.076833527357392
95831,35.99830651989839
95472,31.94392523364486
95070,25.938690969345483
95640,18.796232876712327
94521,35.88925895087427
94109,38.39905149051491
95818,22.24360286591607
94566,52.58877434135166
94121,41.78912213740458
95662,37.43391812865497
95126,30.040066777963272
95628,37.41674249317561
95315,21.240909090909092
95118,32.17391304347826
95060,49.96518987341772
94949,17.160275319567354
94621,38.776923076923076
95231,7.4662756598240465
93930,37.26521739130435
95127,63.464734299516905
94561,54.929226736566186
95746,23.328699106256206
95673,16.97521551724138
94401,34.01921229586936
95762,46.340239912758996
95825,28.984627831715212
94133,24.676279069767443
94806,62.29206963249516
95366,23.728494623655912
95032,25.867125984251967
95665,6.057142857142857
94515,13.06854130052724
93924,14.826185101580135
94102,25.464754098360658
95008,36.74012638230648
95765,49.77398160315374
94132,34.04108108108108
95010,11.459390862944163
95133,28.329388560157792
94610,24.839116719242902
94070,34.76931690929451
94564,24.427480916030536
94580,36.603911980440095
94941,37.22441860465116
95064,17.51530612244898
94603,37.84792122538293
95128,40.069148936170215
94087,56.428994082840234
94523,31.0859167404783
94612,15.095864661654135
94510,33.01635514018692
94134,42.09217046580773
95322,23.435555555555556
94402,29.377423033067274
95677,27.537037037037038
93907,33.52871870397644
95018,9.73793103448276
95405,27.08080808080808
94559,33.28053204353083
95202,9.495253164556962
94030,34.831288343558285
94060,4.23921568627451
95012,28.70212765957447
94107,29.25024630541872
95621,54.159533073929964
95842,55.73229706390328
95237,6.3621621621621625
94085,23.58841158841159
94602,40.66983695652174
94117,48.991140642303435
95003,35.48142857142857
95819,22.289115646258505
95821,43.1021897810219
94563,30.896166134185304
94597,26.840613931523023
95841,26.839634941329855
94619,33.997202797202796
94965,17.311077389984824
94131,39.55291005291005
93908,18.8953125
94579,34.491392801251955
95357,23.489626556016596
94608,36.84793187347932
94530,30.991576413959084
95864,34.39565217391304
95062,51.181695827725434
95446,10.991379310344827
94618,28.02796052631579
94598,32.91469194312796
95683,14.87914691943128
95607,0.9674556213017751
94595,38.82683982683983
94609,33.99552906110283
94123,36.38288920056101
94108,18.994778067885118
94931,14.829310344827586
94517,26.952
94605,59.382920110192835
95030,25.652509652509654
94304,5.5584045584045585
95236,11.171957671957673
94028,18.12137203166227
95684,8.253658536585366
94027,12.768439108061749
95249,13.711864406779661
95833,78.19544592030361
95648,98.48496240601504
94574,25.078034682080926
95425,28.61081081081081
94904,24.686274509803923
95815,43.56476683937824
93920,12.307017543859649
94571,24.83248730964467
94703,36.99325463743676
94043,41.32283464566929
95816,26.776049766718508
94611,67.6701030927835
94301,33.1233140655106
95685,14.189759036144578
94105,16.953703703703702
95814,21.477272727272727
94062,53.792635658914726
94585,68.99533799533799
94507,39.41057934508816
94065,26.315899581589957
95650,35.324120603015075
95669,10.672727272727272
95387,6.893203883495145
94925,20.384297520661157
94022,50.595300261096604
94502,36.82367758186398
94542,35.99240506329114
95039,4.2831541218638
94920,38.77878787878788
95117,63.775862068965516
95228,18.222672064777328
95046,16.23989218328841
94024,50.98085106382979
95220,29.91269841269841
94127,64.91818181818182
93950,44.55714285714286
95811,13.565022421524663
94706,53.81074168797954
95203,46.671597633136095
94114,73.16631578947369
94939,19.581267217630852
94710,19.896
94709,29.72151898734177
95004,14.761194029850746
94005,18.186046511627907
95492,99.73333333333333
95441,8.114624505928854
93953,12.946540880503145
95638,11.464864864864865
94572,45.66228070175438
95113,5.911585365853658
95461,11.619047619047619
94702,77.69090909090909
94552,81.97872340425532
95645,10.455696202531646
95374,12.04109589041096
95820,127.61510791366906
94705,50.625
95005,34.266666666666666
95066,63.40416666666667
94514,8.07182320441989
95110,79.85375494071147
95668,4.503030303030303
95002,14.306666666666667
95817,61.74770642201835
94951,35.434108527131784
95626,37.485207100591715
94306,150.54098360655738
95065,45.65573770491803
94111,17.07547169811321
95690,16.708661417322833
93622,94.5
95614,34.44347826086957
94924,15.534246575342467
94505,116.07857142857142
95033,67.58450704225352
94158,49.59863945578231
95391,163.98019801980197
94104,5.300970873786408
94586,12.14864864864865
94130,34.81818181818182
94707,115.68932038834951
94923,8.63265306122449
94525,28.64814814814815
94947,374.2676056338028
95245,20.119565217391305
95045,69.68333333333334
94129,99.85
95663,89.72413793103448
94020,49.407407407407405
